dispatching_base_number,date,active_vehicles,trips,trip_date,day_of_week,day_name,is_weekend,month,base_encoded,trips_lag_1,trips_lag_7,trips_lag_14,roll_mean_7,roll_std_7,roll_mean_14,roll_std_14,trips_per_vehicle
B02512,1/8/2015,238,1772,2015-01-08,3,Thursday,0,1,0,1446.0,1132.0,,1090.0,232.93132035001216,,,7.445378151260504
B02598,1/8/2015,1070,10050,2015-01-08,3,Thursday,0,1,1,8397.0,6903.0,,6476.714285714285,1281.2142306273,,,9.392523364485982
B02617,1/8/2015,1463,13462,2015-01-08,3,Thursday,0,1,2,11528.0,9537.0,,9221.42857142857,1680.7283001864457,,,9.20164046479836
B02682,1/8/2015,1135,10416,2015-01-08,3,Thursday,0,1,3,9078.0,7679.0,,7056.714285714285,1361.837693986293,,,9.177092511013216
B02764,1/8/2015,3831,33802,2015-01-08,3,Thursday,0,1,4,29949.0,29421.0,,25105.85714285714,4637.816958748711,,,8.823283737927435
B02765,1/8/2015,262,1911,2015-01-08,3,Thursday,0,1,5,1704.0,1765.0,,1356.857142857143,322.8009854236448,,,7.293893129770993
B02512,1/9/2015,224,1560,2015-01-09,4,Friday,0,1,0,1772.0,875.0,,1181.4285714285713,348.9001085042619,,,6.964285714285714
B02598,1/9/2015,1070,9538,2015-01-09,4,Friday,0,1,1,10050.0,4768.0,,6926.285714285715,1871.7598416361818,,,8.914018691588785
B02617,1/9/2015,1455,13165,2015-01-09,4,Friday,0,1,2,13462.0,7065.0,,9782.142857142857,2332.064280744382,,,9.048109965635739
B02682,1/9/2015,1140,10477,2015-01-09,4,Friday,0,1,3,10416.0,5506.0,,7447.714285714285,1868.8234011703469,,,9.190350877192982
B02764,1/9/2015,3820,33517,2015-01-09,4,Friday,0,1,4,33802.0,19974.0,,25731.714285714286,5527.456308112733,,,8.774083769633508
B02765,1/9/2015,280,2039,2015-01-09,4,Friday,0,1,5,1911.0,1001.0,,1377.7142857142858,356.52289046928166,,,7.2821428571428575
B02512,1/10/2015,206,1646,2015-01-10,5,Saturday,1,1,0,1560.0,1088.0,,1279.2857142857142,344.6673344379642,,,7.990291262135922
B02598,1/10/2015,949,10287,2015-01-10,5,Saturday,1,1,1,9538.0,7432.0,,7607.714285714285,1822.6971511367171,,,10.839831401475237
B02617,1/10/2015,1331,13856,2015-01-10,5,Saturday,1,1,2,13165.0,10664.0,,10653.57142857143,2286.7839758886175,,,10.410217881292262
B02682,1/10/2015,1057,11629,2015-01-10,5,Saturday,1,1,3,10477.0,8010.0,,8157.857142857143,1950.6923068978547,,,11.001892147587512
B02764,1/10/2015,3558,38864,2015-01-10,5,Saturday,1,1,4,33517.0,29729.0,,27666.428571428572,5546.383261704358,,,10.922990444069702
B02765,1/10/2015,245,2202,2015-01-10,5,Saturday,1,1,5,2039.0,1526.0,,1526.0,388.18294655999506,,,8.987755102040817
B02512,1/11/2015,162,1104,2015-01-11,6,Sunday,1,1,0,1646.0,791.0,,1359.0,357.34717013011317,,,6.814814814814815
B02598,1/11/2015,832,7176,2015-01-11,6,Sunday,1,1,1,10287.0,5223.0,,8015.571428571428,2078.3251956918625,,,8.625
B02617,1/11/2015,1228,10932,2015-01-11,6,Sunday,1,1,2,13856.0,7729.0,,11109.57142857143,2587.6686326461804,,,8.90228013029316
B02682,1/11/2015,943,8461,2015-01-11,6,Sunday,1,1,3,11629.0,5621.0,,8674.857142857143,2344.7512610489143,,,8.972428419936373
B02764,1/11/2015,3186,27681,2015-01-11,6,Sunday,1,1,4,38864.0,20441.0,,28971.428571428572,6997.4332641129395,,,8.688323917137476
B02765,1/11/2015,220,1672,2015-01-11,6,Sunday,1,1,5,2202.0,993.0,,1622.5714285714287,464.7238811534067,,,7.6
B02512,1/12/2015,217,1399,2015-01-12,0,Monday,0,1,0,1104.0,984.0,,1403.7142857142858,287.10840826286886,,,6.447004608294931
B02598,1/12/2015,964,7915,2015-01-12,0,Monday,0,1,1,7176.0,5798.0,,8294.57142857143,1745.3820839711912,,,8.21058091286307
B02617,1/12/2015,1323,10662,2015-01-12,0,Monday,0,1,2,10932.0,7899.0,,11567.142857142857,2133.6135567444753,,,8.058956916099774
B02682,1/12/2015,1082,9107,2015-01-12,0,Monday,0,1,3,8461.0,6012.0,,9080.57142857143,1938.8404487513362,,,8.416820702402957
B02764,1/12/2015,3499,26852,2015-01-12,0,Monday,0,1,4,27681.0,20926.0,,30005.714285714286,5988.783953199115,,,7.674192626464704
B02765,1/12/2015,279,1711,2015-01-12,0,Monday,0,1,5,1672.0,1133.0,,1719.5714285714287,373.28043842972227,,,6.132616487455197
B02512,1/13/2015,234,1652,2015-01-13,1,Tuesday,0,1,0,1399.0,1314.0,,1463.0,221.3014535273852,,,7.05982905982906
B02598,1/13/2015,975,8713,2015-01-13,1,Tuesday,0,1,1,7915.0,6816.0,,8597.0,1387.3905962873848,,,8.936410256410257
B02617,1/13/2015,1342,11825,2015-01-13,1,Tuesday,0,1,2,10662.0,10128.0,,11961.857142857143,1504.839795301749,,,8.811475409836065
B02682,1/13/2015,1092,9629,2015-01-13,1,Tuesday,0,1,3,9107.0,7491.0,,9522.714285714286,1400.63970078981,,,8.817765567765568
B02764,1/13/2015,3658,29983,2015-01-13,1,Tuesday,0,1,4,26852.0,25301.0,,30852.285714285714,4790.28738575205,,,8.196555494805905
B02765,1/13/2015,258,1697,2015-01-13,1,Tuesday,0,1,5,1711.0,1376.0,,1802.142857142857,272.12462131128353,,,6.577519379844961
B02512,1/14/2015,233,1582,2015-01-14,2,Wednesday,0,1,0,1652.0,1446.0,,1511.2857142857142,220.24434482767444,,,6.789699570815451
B02598,1/14/2015,1030,8870,2015-01-14,2,Wednesday,0,1,1,8713.0,8397.0,,8868.0,1145.7547730644624,,,8.611650485436893
B02617,1/14/2015,1405,11965,2015-01-14,2,Wednesday,0,1,2,11825.0,11528.0,,12204.285714285714,1280.0750908033633,,,8.516014234875446
B02682,1/14/2015,1174,9762,2015-01-14,2,Wednesday,0,1,3,9629.0,9078.0,,9828.142857142857,1080.214242418515,,,8.315161839863714
B02764,1/14/2015,3736,29550,2015-01-14,2,Wednesday,0,1,4,29983.0,29949.0,,31521.14285714286,4173.096669084457,,,7.909528907922912
B02765,1/14/2015,271,1600,2015-01-14,2,Wednesday,0,1,5,1697.0,1704.0,,1848.0,207.78514544275436,,,5.904059040590406
B02512,1/15/2015,237,1636,2015-01-15,3,Thursday,0,1,0,1582.0,1772.0,1132.0,1530.7142857142858,219.5227507463366,1310.357142857143,315.55631147908565,6.90295358649789
B02598,1/15/2015,1068,9152,2015-01-15,3,Thursday,0,1,1,8870.0,10050.0,6903.0,8935.57142857143,1127.1443056300657,7706.142857142857,1723.8755468707425,8.569288389513108
B02617,1/15/2015,1457,12539,2015-01-15,3,Thursday,0,1,2,11965.0,13462.0,9537.0,12266.714285714286,1251.9429851615603,10744.07142857143,2126.9593849612475,8.606039807824297
B02682,1/15/2015,1208,10391,2015-01-15,3,Thursday,0,1,3,9762.0,10416.0,7679.0,9925.857142857143,1030.8573177330634,8491.285714285714,1887.520654133411,8.60182119205298
B02764,1/15/2015,3840,31214,2015-01-15,3,Thursday,0,1,4,29550.0,33802.0,29421.0,31464.14285714286,4200.782523473905,28285.0,5381.112338541167,8.128645833333334
B02765,1/15/2015,270,1797,2015-01-15,3,Thursday,0,1,5,1600.0,1911.0,1765.0,1833.142857142857,222.9614529998615,1595.0,363.47066329612227,6.655555555555556
B02512,1/16/2015,234,1481,2015-01-16,4,Friday,0,1,0,1636.0,1560.0,875.0,1511.2857142857142,199.73542023196137,1346.357142857143,322.3201006030298,6.329059829059829
B02598,1/16/2015,1079,9838,2015-01-16,4,Friday,0,1,1,9152.0,9538.0,4768.0,8807.285714285714,1025.7042644423564,7866.785714285715,1747.897382068455,9.117701575532902
B02617,1/16/2015,1445,12977,2015-01-16,4,Friday,0,1,2,12539.0,13165.0,7065.0,12134.857142857143,1149.4850192689814,10958.5,2147.13518437941,8.980622837370243
B02682,1/16/2015,1250,11280,2015-01-16,4,Friday,0,1,3,10391.0,10477.0,5506.0,9922.285714285714,1028.9176698981157,8685.0,1936.2791041662279,9.024
B02764,1/16/2015,3975,34822,2015-01-16,4,Friday,0,1,4,31214.0,33517.0,19974.0,31094.428571428572,4072.665337635899,28413.071428571428,5431.331632500247,8.760251572327045
B02765,1/16/2015,290,2082,2015-01-16,4,Friday,0,1,5,1797.0,2039.0,1001.0,1816.857142857143,220.4763241797392,1597.2857142857142,364.7204258209142,7.179310344827586
B02512,1/17/2015,201,1281,2015-01-17,5,Saturday,1,1,0,1481.0,1646.0,1088.0,1500.0,198.7536163193015,1389.642857142857,293.55817327899604,6.373134328358209
B02598,1/17/2015,974,9546,2015-01-17,5,Saturday,1,1,1,9838.0,10287.0,7432.0,8850.142857142857,1066.7698015616145,8228.92857142857,1572.9452268954528,9.80082135523614
B02617,1/17/2015,1306,12676,2015-01-17,5,Saturday,1,1,2,12977.0,13856.0,10664.0,12108.0,1123.3028680339662,11380.785714285714,1888.2411506100455,9.705972434915774
B02682,1/17/2015,1137,11382,2015-01-17,5,Saturday,1,1,3,11280.0,11629.0,8010.0,10037.0,1139.853353140948,9097.42857142857,1818.4084213435626,10.010554089709762
B02764,1/17/2015,3657,36318,2015-01-17,5,Saturday,1,1,4,34822.0,38864.0,29729.0,31280.85714285714,4228.913667778498,29473.64285714286,5096.007465988113,9.931091058244462
B02765,1/17/2015,252,2160,2015-01-17,5,Saturday,1,1,5,2082.0,2202.0,1526.0,1823.0,228.16222299057296,1674.5,342.5240586721329,8.571428571428571
B02512,1/18/2015,177,1521,2015-01-18,6,Sunday,1,1,0,1281.0,1104.0,791.0,1447.857142857143,201.92030488242042,1403.4285714285713,282.6315117402364,8.59322033898305
B02598,1/18/2015,869,9443,2015-01-18,6,Sunday,1,1,1,9546.0,7176.0,5223.0,8744.285714285714,928.1886866878067,8379.92857142857,1591.9123702344598,10.866513233601841
B02617,1/18/2015,1223,12879,2015-01-18,6,Sunday,1,1,2,12676.0,10932.0,7729.0,11939.42857142857,879.3048119855558,11524.5,1905.9735146275104,10.530662305805397
B02682,1/18/2015,1056,11161,2015-01-18,6,Sunday,1,1,3,11382.0,8461.0,5621.0,10001.714285714286,1084.8532487984576,9338.285714285714,1885.37926927475,10.569128787878787
B02764,1/18/2015,3290,35182,2015-01-18,6,Sunday,1,1,4,36318.0,27681.0,20441.0,30917.14285714286,3517.6933933365754,29944.285714285714,5415.645063198792,10.693617021276596
B02765,1/18/2015,248,2287,2015-01-18,6,Sunday,1,1,5,2160.0,1672.0,993.0,1817.0,216.80405900259325,1719.7857142857142,362.6974111954924,9.221774193548388
B02512,1/19/2015,168,1025,2015-01-19,0,Monday,0,1,0,1521.0,1399.0,984.0,1507.4285714285713,133.48015725549809,1455.5714285714287,221.73050665710736,6.101190476190476
B02598,1/19/2015,706,5609,2015-01-19,0,Monday,0,1,1,9443.0,7915.0,5798.0,9068.142857142857,640.7941501427266,8681.357142857143,1325.3823603394242,7.944759206798867
B02617,1/19/2015,992,7775,2015-01-19,0,Monday,0,1,2,12879.0,10662.0,7899.0,12217.57142857143,812.9575341805704,11892.357142857143,1587.449362348918,7.837701612903226
B02682,1/19/2015,883,7028,2015-01-19,0,Monday,0,1,3,11161.0,9107.0,6012.0,10387.42857142857,911.971647428955,9734.0,1605.8147225246519,7.959229898074745
B02764,1/19/2015,2958,22750,2015-01-19,0,Monday,0,1,4,35182.0,26852.0,20926.0,31988.714285714286,3510.0695488971746,30997.214285714286,4826.845923160802,7.691007437457742
B02765,1/19/2015,238,1568,2015-01-19,0,Monday,0,1,5,2287.0,1711.0,1133.0,1904.857142857143,267.04146280520325,1812.2142857142858,326.29085151168397,6.588235294117647
B02512,1/20/2015,221,1310,2015-01-20,1,Tuesday,0,1,0,1025.0,1652.0,1314.0,1454.0,226.53182263573208,1458.5,215.19749426622394,5.927601809954751
B02598,1/20/2015,944,7206,2015-01-20,1,Tuesday,0,1,1,5609.0,8713.0,6816.0,8738.714285714286,1434.106657387066,8667.857142857143,1357.5820619561298,7.633474576271187
B02617,1/20/2015,1350,10015,2015-01-20,1,Tuesday,0,1,2,7775.0,11825.0,10128.0,11805.142857142857,1829.9069583425485,11883.5,1611.6062579827737,7.4185185185185185
B02682,1/20/2015,1151,8496,2015-01-20,1,Tuesday,0,1,3,7028.0,9629.0,7491.0,10090.42857142857,1528.5588918043954,9806.57142857143,1438.9566580464698,7.3814074717636835
B02764,1/20/2015,3654,26137,2015-01-20,1,Tuesday,0,1,4,22750.0,29983.0,25301.0,31402.714285714286,4663.4709074638695,31127.5,4550.818062553318,7.152983032293377
B02765,1/20/2015,272,1608,2015-01-20,1,Tuesday,0,1,5,1568.0,1697.0,1376.0,1884.4285714285713,288.9168606726722,1843.2857142857142,272.99575329788803,5.911764705882353
B02512,1/21/2015,242,1519,2015-01-21,2,Wednesday,0,1,0,1310.0,1582.0,1446.0,1405.142857142857,213.19899043806384,1458.2142857142858,215.4066560543741,6.276859504132231
B02598,1/21/2015,1035,8041,2015-01-21,2,Wednesday,0,1,1,7206.0,8870.0,8397.0,8523.42857142857,1547.2603591663617,8695.714285714286,1320.1446557434203,7.769082125603865
B02617,1/21/2015,1429,10997,2015-01-21,2,Wednesday,0,1,2,10015.0,11965.0,11528.0,11546.57142857143,1950.536666077899,11875.42857142857,1621.3283117572155,7.695591322603219
B02682,1/21/2015,1228,9472,2015-01-21,2,Wednesday,0,1,3,8496.0,9762.0,9078.0,9928.57142857143,1641.384360546796,9878.357142857143,1335.9333589518756,7.713355048859935
B02764,1/21/2015,3718,27344,2015-01-21,2,Wednesday,0,1,4,26137.0,29550.0,29949.0,30853.285714285714,5067.655957616094,31187.214285714286,4473.308467214969,7.35449166218397
B02765,1/21/2015,296,1774,2015-01-21,2,Wednesday,0,1,5,1608.0,1600.0,1704.0,1871.7142857142858,300.2747154888414,1859.857142857143,248.3802473079276,5.993243243243243
B02512,1/22/2015,246,1551,2015-01-22,3,Thursday,0,1,0,1519.0,1636.0,1772.0,1396.142857142857,205.68619186471815,1463.4285714285713,215.9710501560208,6.304878048780488
B02598,1/22/2015,1071,9080,2015-01-22,3,Thursday,0,1,1,8041.0,9152.0,10050.0,8405.0,1548.038328552193,8670.285714285714,1329.734874012424,8.478057889822596
B02617,1/22/2015,1471,12143,2015-01-22,3,Thursday,0,1,2,10997.0,12539.0,13462.0,11408.285714285714,1950.2412427086822,11837.5,1636.2236423216464,8.254928619986403
B02682,1/22/2015,1295,10699,2015-01-22,3,Thursday,0,1,3,9472.0,10391.0,10416.0,9887.142857142857,1649.9269103580937,9906.5,1321.8518333121797,8.261776061776061
B02764,1/22/2015,3889,30091,2015-01-22,3,Thursday,0,1,4,27344.0,31214.0,33802.0,30538.14285714286,5228.258933544747,31001.14285714286,4581.641943790336,7.737464643867318
B02765,1/22/2015,295,2038,2015-01-22,3,Thursday,0,1,5,1774.0,1797.0,1911.0,1896.5714285714287,280.58977003379675,1864.857142857143,245.69144412104734,6.908474576271186
B02512,1/23/2015,246,1670,2015-01-23,4,Friday,0,1,0,1551.0,1481.0,1560.0,1384.0,191.16223476408754,1447.642857142857,199.09974583411386,6.788617886178862
B02598,1/23/2015,1093,9343,2015-01-23,4,Friday,0,1,1,9080.0,9838.0,9538.0,8394.714285714286,1542.47698138262,8601.0,1276.5211137486742,8.548032936870998
B02617,1/23/2015,1482,13121,2015-01-23,4,Friday,0,1,2,12143.0,12977.0,13165.0,11351.714285714286,1917.4433250455943,11743.285714285714,1572.2111537856229,8.85357624831309
B02682,1/23/2015,1330,11767,2015-01-23,4,Friday,0,1,3,10699.0,11280.0,10477.0,9931.142857142857,1669.592807500421,9926.714285714286,1332.3647241809429,8.847368421052632
B02764,1/23/2015,4040,33756,2015-01-23,4,Friday,0,1,4,30091.0,34822.0,33517.0,30377.714285714286,5221.288816447706,30736.071428571428,4513.983716685904,8.355445544554456
B02765,1/23/2015,299,2162,2015-01-23,4,Friday,0,1,5,2038.0,2082.0,2039.0,1931.0,281.1209704024228,1873.9285714285713,249.83578122922586,7.230769230769231
B02512,1/24/2015,211,1608,2015-01-24,5,Saturday,1,1,0,1670.0,1281.0,1646.0,1411.0,218.5337502538227,1455.5,205.92819883863166,7.62085308056872
B02598,1/24/2015,945,10040,2015-01-24,5,Saturday,1,1,1,9343.0,9546.0,10287.0,8324.0,1475.159878340876,8587.07142857143,1266.5355207315456,10.624338624338625
B02617,1/24/2015,1367,14143,2015-01-24,5,Saturday,1,1,2,13121.0,12676.0,13856.0,11372.285714285714,1938.4439390299385,11740.142857142857,1569.1916026139997,10.346013167520118
B02682,1/24/2015,1223,13355,2015-01-24,5,Saturday,1,1,3,11767.0,11382.0,11629.0,10000.714285714286,1743.6702396846429,10018.857142857143,1415.3694194119767,10.919869174161898
B02764,1/24/2015,3652,39187,2015-01-24,5,Saturday,1,1,4,33756.0,36318.0,38864.0,30225.428571428572,5083.796870356604,30753.14285714286,4525.746531825403,10.730284775465499
B02765,1/24/2015,245,2376,2015-01-24,5,Saturday,1,1,5,2162.0,2160.0,2202.0,1942.4285714285713,289.77569321969065,1882.7142857142858,258.112804370918,9.69795918367347
B02512,1/25/2015,183,1190,2015-01-25,6,Sunday,1,1,0,1608.0,1521.0,1104.0,1457.7142857142858,221.04879874944262,1452.7857142857142,203.45975923109114,6.502732240437158
B02598,1/25/2015,829,7219,2015-01-25,6,Sunday,1,1,1,10040.0,9443.0,7176.0,8394.57142857143,1553.1199628643049,8569.42857142857,1242.5267503256125,8.708082026537998
B02617,1/25/2015,1203,10362,2015-01-25,6,Sunday,1,1,2,14143.0,12879.0,10932.0,11581.857142857143,2168.530026582633,11760.642857142857,1600.521482668547,8.613466334164588
B02682,1/25/2015,1046,9303,2015-01-25,6,Sunday,1,1,3,13355.0,11161.0,8461.0,10282.57142857143,2122.4786498449434,10142.142857142857,1625.9202297181116,8.893881453154876
B02764,1/25/2015,3300,28066,2015-01-25,6,Sunday,1,1,4,39187.0,35182.0,27681.0,30635.285714285714,5731.2651225328855,30776.214285714286,4570.87310593386,8.504848484848484
B02765,1/25/2015,226,1755,2015-01-25,6,Sunday,1,1,5,2376.0,2287.0,1672.0,1973.2857142857142,326.0371728733366,1895.142857142857,278.08600140212775,7.765486725663717
B02512,1/26/2015,197,1000,2015-01-26,0,Monday,0,1,0,1190.0,1025.0,1399.0,1410.4285714285713,239.85749737629465,1458.9285714285713,193.15655837676334,5.0761421319796955
B02598,1/26/2015,860,5919,2015-01-26,0,Monday,0,1,1,7219.0,5609.0,7915.0,8076.857142857143,1530.210162970154,8572.5,1238.8650978896906,6.882558139534884
B02617,1/26/2015,1150,7608,2015-01-26,0,Monday,0,1,2,10362.0,7775.0,10662.0,11222.285714285714,2125.8553348621595,11719.92857142857,1630.1968481555443,6.615652173913044
B02682,1/26/2015,1084,7565,2015-01-26,0,Monday,0,1,3,9303.0,7028.0,9107.0,10017.142857142857,2110.460094274186,10202.285714285714,1573.6849175677526,6.978782287822878
B02764,1/26/2015,3012,19940,2015-01-26,0,Monday,0,1,4,28066.0,22750.0,26852.0,29618.714285714286,5412.625601753912,30803.714285714286,4551.937667353599,6.620185922974768
B02765,1/26/2015,230,1363,2015-01-26,0,Monday,0,1,5,1755.0,1568.0,1711.0,1897.2857142857142,301.8281598778318,1901.0714285714287,273.814778576747,5.926086956521739
B02512,1/27/2015,112,629,2015-01-27,1,Tuesday,0,1,0,1000.0,1310.0,1652.0,1406.857142857143,246.6430812405036,1430.4285714285713,228.822307373316,5.616071428571429
B02598,1/27/2015,434,2957,2015-01-27,1,Tuesday,0,1,1,5919.0,7206.0,8713.0,8121.142857142857,1449.227314648676,8429.92857142857,1421.7110744173312,6.813364055299539
B02617,1/27/2015,596,4325,2015-01-27,1,Tuesday,0,1,2,7608.0,10015.0,11825.0,11198.42857142857,2171.438222096349,11501.785714285714,1954.6901851138011,7.256711409395973
B02682,1/27/2015,600,4414,2015-01-27,1,Tuesday,0,1,3,7565.0,8496.0,9629.0,10093.857142857143,1990.0203037968743,10092.142857142857,1704.7463089920393,7.3566666666666665
B02764,1/27/2015,1619,11998,2015-01-27,1,Tuesday,0,1,4,19940.0,26137.0,29983.0,29217.285714285714,6071.097586496357,30310.0,5323.051929687877,7.410747374922792
B02765,1/27/2015,135,921,2015-01-27,1,Tuesday,0,1,5,1363.0,1608.0,1697.0,1868.0,345.83955817690946,1876.2142857142858,306.26940844532703,6.822222222222222
B02512,1/28/2015,235,1438,2015-01-28,2,Wednesday,0,1,0,629.0,1519.0,1582.0,1309.5714285714287,386.09707636934064,1357.357142857143,303.7100355837549,6.1191489361702125
B02598,1/28/2015,1011,8071,2015-01-28,2,Wednesday,0,1,1,2957.0,8041.0,8870.0,7514.142857142857,2444.4938418529814,8018.785714285715,2033.993615396207,7.983184965380811
B02617,1/28/2015,1356,10862,2015-01-28,2,Wednesday,0,1,2,4325.0,10997.0,11965.0,10385.57142857143,3403.6554789002403,10966.07142857143,2732.349044722838,8.010324483775811
B02682,1/28/2015,1235,10025,2015-01-28,2,Wednesday,0,1,3,4414.0,9472.0,9762.0,9510.714285714286,2917.9994696301605,9719.642857142857,2284.804270598481,8.117408906882591
B02764,1/28/2015,3692,28137,2015-01-28,2,Wednesday,0,1,4,11998.0,27344.0,29550.0,27197.428571428572,8940.60247517177,29025.35714285714,7234.913094019995,7.6210725893824485
B02765,1/28/2015,286,1913,2015-01-28,2,Wednesday,0,1,5,921.0,1774.0,1600.0,1769.857142857143,496.5572906091933,1820.7857142857142,397.75488752427736,6.688811188811189
B02512,1/29/2015,250,1687,2015-01-29,3,Thursday,0,1,0,1438.0,1551.0,1636.0,1298.0,379.93903019651293,1347.0714285714287,297.89968995406025,6.748
B02598,1/29/2015,1082,9499,2015-01-29,3,Thursday,0,1,1,8071.0,9080.0,9152.0,7518.428571428572,2445.5975314254574,7961.714285714285,2019.429676859342,8.779112754158964
B02617,1/29/2015,1474,12600,2015-01-29,3,Thursday,0,1,2,10862.0,12143.0,12539.0,10366.285714285714,3399.994103636345,10887.285714285714,2717.1899916180782,8.548168249660787
B02682,1/29/2015,1316,11485,2015-01-29,3,Thursday,0,1,3,10025.0,10699.0,10391.0,9589.714285714286,2924.255729485464,9738.42857142857,2286.2600536612263,8.727203647416413
B02764,1/29/2015,3959,31637,2015-01-29,3,Thursday,0,1,4,28137.0,30091.0,31214.0,27310.714285714286,8947.790336432894,28924.428571428572,7236.886779806373,7.991159383682748
B02765,1/29/2015,295,2086,2015-01-29,3,Thursday,0,1,5,1913.0,2038.0,1797.0,1789.7142857142858,499.52100866253664,1843.142857142857,393.16034253858174,7.071186440677966
B02512,1/30/2015,256,2016,2015-01-30,4,Friday,0,1,0,1687.0,1670.0,1481.0,1317.4285714285713,398.07698465784955,1350.7142857142858,301.98839217921767,7.875
B02598,1/30/2015,1106,11167,2015-01-30,4,Friday,0,1,1,9499.0,9343.0,9838.0,7578.285714285715,2494.820014502431,7986.5,2037.2137363792524,10.096745027124774
B02617,1/30/2015,1501,14793,2015-01-30,4,Friday,0,1,2,12600.0,13121.0,12977.0,10431.57142857143,3443.900156176757,10891.642857142857,2720.0896932933006,9.855429713524318
B02682,1/30/2015,1384,13852,2015-01-30,4,Friday,0,1,3,11485.0,11767.0,11280.0,9702.0,2988.3374976732453,9816.57142857143,2328.5845722004838,10.008670520231213
B02764,1/30/2015,4124,39110,2015-01-30,4,Friday,0,1,4,31637.0,33756.0,34822.0,27531.571428571428,9046.389940323208,28954.64285714286,7248.055544097993,9.483511154219205
B02765,1/30/2015,322,2785,2015-01-30,4,Friday,0,1,5,2086.0,2162.0,2082.0,1796.5714285714287,503.8084481039915,1863.7857142857142,398.1070939354865,8.649068322981366
B02512,1/31/2015,225,1892,2015-01-31,5,Saturday,1,1,0,2016.0,1608.0,1281.0,1366.857142857143,465.0062467578362,1388.9285714285713,349.80730174147067,8.408888888888889
B02598,1/31/2015,1027,11642,2015-01-31,5,Saturday,1,1,1,11167.0,10040.0,9546.0,7838.857142857143,2787.894452125202,8081.428571428572,2157.53572799674,11.335929892891919
B02617,1/31/2015,1394,15756,2015-01-31,5,Saturday,1,1,2,14793.0,14143.0,12676.0,10670.42857142857,3709.2756191805997,11021.357142857143,2866.5424793144593,11.302725968436155
B02682,1/31/2015,1321,15388,2015-01-31,5,Saturday,1,1,3,13852.0,13355.0,11382.0,9999.857142857143,3314.5690734780496,10000.285714285714,2544.383359739386,11.64875094625284
B02764,1/31/2015,3947,44297,2015-01-31,5,Saturday,1,1,4,39110.0,39187.0,36318.0,28296.428571428572,9850.926163854558,29260.928571428572,7597.256918573517,11.222954142386623
B02765,1/31/2015,309,3282,2015-01-31,5,Saturday,1,1,5,2785.0,2376.0,2160.0,1885.5714285714287,620.6104137978073,1914.0,466.2516652888389,10.62135922330097
B02512,2/1/2015,193,1377,2015-02-01,6,Sunday,1,2,0,1892.0,1190.0,1521.0,1407.4285714285713,500.5809482134592,1432.5714285714287,372.67364858767286,7.134715025906735
B02598,2/1/2015,961,9499,2015-02-01,6,Sunday,1,2,1,11642.0,7219.0,9443.0,8067.714285714285,3051.9493614347384,8231.142857142857,2332.6014482726196,9.884495317377732
B02617,2/1/2015,1355,13458,2015-02-01,6,Sunday,1,2,2,15756.0,10362.0,12879.0,10900.857142857143,3999.6865889121627,11241.357142857143,3111.0628311817236,9.93210332103321
B02682,2/1/2015,1214,12436,2015-02-01,6,Sunday,1,2,3,15388.0,9303.0,11161.0,10290.285714285714,3721.623020237528,10286.42857142857,2910.624694097491,10.243822075782537
B02764,2/1/2015,3740,37468,2015-02-01,6,Sunday,1,2,4,44297.0,28066.0,35182.0,29026.428571428572,10923.429846849735,29830.85714285714,8421.91185911117,10.018181818181818
B02765,2/1/2015,289,2672,2015-02-01,6,Sunday,1,2,5,3282.0,1755.0,2287.0,2015.0,806.5537799799837,1994.142857142857,591.417184155386,9.245674740484429
B02512,2/2/2015,227,1904,2015-02-02,0,Monday,0,2,0,1377.0,1000.0,1025.0,1434.142857142857,491.95915432463477,1422.2857142857142,372.0319317501633,8.387665198237885
B02598,2/2/2015,939,9511,2015-02-02,0,Monday,0,2,1,9499.0,5919.0,5609.0,8393.42857142857,3067.898404290406,8235.142857142857,2334.88632097328,10.128860489882854
B02617,2/2/2015,1217,12216,2015-02-02,0,Monday,0,2,2,13458.0,7608.0,7775.0,11343.142857142857,4100.086439274642,11282.714285714286,3138.2373893776607,10.037797863599014
B02682,2/2/2015,1152,11981,2015-02-02,0,Monday,0,2,3,12436.0,7565.0,7028.0,10737.857142857143,3771.1621298379373,10377.5,2959.6288163837767,10.40017361111111
B02764,2/2/2015,3270,30761,2015-02-02,0,Monday,0,2,4,37468.0,19940.0,22750.0,30369.571428571428,11355.155904656158,29994.14285714286,8554.754601139315,9.40703363914373
B02765,2/2/2015,275,2607,2015-02-02,0,Monday,0,2,5,2672.0,1363.0,1568.0,2146.0,831.3739631878462,2021.642857142857,614.5794818902107,9.48
B02512,2/3/2015,257,1915,2015-02-03,1,Tuesday,0,2,0,1904.0,629.0,1310.0,1563.2857142857142,477.43820343080887,1485.0714285714287,373.99351378285735,7.45136186770428
B02598,2/3/2015,991,9602,2015-02-03,1,Tuesday,0,2,1,9511.0,2957.0,7206.0,8906.57142857143,2879.6690699420565,8513.857142857143,2227.7215976157167,9.68920282542886
B02617,2/3/2015,1350,12665,2015-02-03,1,Tuesday,0,2,2,12216.0,4325.0,10015.0,12001.42857142857,3755.916659402994,11599.92857142857,2976.693505430939,9.381481481481481
B02682,2/3/2015,1269,11955,2015-02-03,1,Tuesday,0,2,3,11981.0,4414.0,8496.0,11368.714285714286,3512.418431521968,10731.285714285714,2821.2380923322266,9.42080378250591
B02764,2/3/2015,3674,31641,2015-02-03,1,Tuesday,0,2,4,30761.0,11998.0,26137.0,31915.428571428572,10394.605409492351,30566.35714285714,8296.969776853593,8.61213935764834
B02765,2/3/2015,299,2410,2015-02-03,1,Tuesday,0,2,5,2607.0,921.0,1608.0,2323.714285714286,766.5345641882288,2095.8571428571427,618.3069759298506,8.060200668896321
B02512,2/4/2015,244,1639,2015-02-04,2,Wednesday,0,2,0,1915.0,1438.0,1519.0,1747.0,252.40179608447158,1528.2857142857142,386.9375677272514,6.717213114754099
B02598,2/4/2015,1072,9600,2015-02-04,2,Wednesday,0,2,1,9602.0,8071.0,8041.0,9855.857142857143,1192.5589333545745,8685.0,2211.49396075629,8.955223880597014
B02617,2/4/2015,1393,11959,2015-02-04,2,Wednesday,0,2,2,12665.0,10862.0,10997.0,13192.857142857143,1644.0659383138468,11789.214285714286,2952.312344810198,8.585068198133525
B02682,2/4/2015,1311,11309,2015-02-04,2,Wednesday,0,2,3,11955.0,10025.0,9472.0,12446.0,1725.995751250085,10978.357142857143,2761.2476446246296,8.626239511823035
B02764,2/4/2015,3856,29994,2015-02-04,2,Wednesday,0,2,4,31641.0,28137.0,27344.0,34721.57142857143,5723.303470815404,30959.5,8200.78791477239,7.778526970954357
B02765,2/4/2015,309,2334,2015-02-04,2,Wednesday,0,2,5,2410.0,1913.0,1774.0,2536.4285714285716,456.17206444602914,2153.1428571428573,606.6733828070866,7.553398058252427
B02512,2/5/2015,264,2022,2015-02-05,3,Thursday,0,2,0,1639.0,1687.0,1551.0,1775.7142857142858,220.8511672942632,1536.857142857143,388.04358540739224,7.659090909090909
B02598,2/5/2015,1179,11609,2015-02-05,3,Thursday,0,2,1,9600.0,9499.0,9080.0,10074.285714285714,920.0499468843495,8796.357142857143,2215.818223839425,9.846480067854113
B02617,2/5/2015,1524,14499,2015-02-05,3,Thursday,0,2,2,11959.0,12600.0,12143.0,13349.57142857143,1422.1644135076638,11857.92857142857,2943.637819075254,9.513779527559056
B02682,2/5/2015,1418,13782,2015-02-05,3,Thursday,0,2,3,11309.0,11485.0,10699.0,12629.42857142857,1475.938894076456,11109.57142857143,2727.6014178221685,9.719322990126939
B02764,2/5/2015,4093,35990,2015-02-05,3,Thursday,0,2,4,29994.0,31637.0,30091.0,34986.857142857145,5401.202502794216,31148.785714285714,8141.284789728983,8.793061324212069
B02765,2/5/2015,355,3011,2015-02-05,3,Thursday,0,2,5,2334.0,2086.0,2038.0,2596.5714285714284,382.00168286839454,2193.1428571428573,598.1538079975572,8.481690140845071
B02512,2/6/2015,261,1989,2015-02-06,4,Friday,0,2,0,2022.0,2016.0,1670.0,1823.5714285714287,234.30952259981447,1570.5,409.20462250190064,7.620689655172414
B02598,2/6/2015,1181,11897,2015-02-06,4,Friday,0,2,1,11609.0,11167.0,9343.0,10375.714285714286,1038.2141260012602,8977.0,2340.3108932197615,10.073666384419983
B02617,2/6/2015,1526,15417,2015-02-06,4,Friday,0,2,2,14499.0,14793.0,13121.0,13620.857142857143,1436.3998315895374,12026.214285714286,3027.344080430682,10.102883355176933
B02682,2/6/2015,1414,14375,2015-02-06,4,Friday,0,2,3,13782.0,13852.0,11767.0,12957.57142857143,1433.8371429074386,11329.785714285714,2814.958783099579,10.166195190947667
B02764,2/6/2015,4170,38693,2015-02-06,4,Friday,0,2,4,35990.0,39110.0,33756.0,35608.71428571428,5198.008263244868,31570.14285714286,8234.44731560088,9.278896882494005
B02765,2/6/2015,385,3569,2015-02-06,4,Friday,0,2,5,3011.0,2785.0,2162.0,2728.714285714286,332.7630359508667,2262.6428571428573,634.1827699601167,9.27012987012987
B02512,2/7/2015,211,1504,2015-02-07,5,Saturday,1,2,0,1989.0,1892.0,1608.0,1819.7142857142858,230.80996099657114,1593.2857142857142,423.79266131000867,7.127962085308057
B02598,2/7/2015,1031,10512,2015-02-07,5,Saturday,1,2,1,11897.0,11642.0,10040.0,10480.0,1160.4151555944634,9159.42857142857,2467.1415635316703,10.19592628516004
B02617,2/7/2015,1383,13688,2015-02-07,5,Saturday,1,2,2,15417.0,15756.0,14143.0,13710.0,1537.0996497733347,12190.214285714286,3150.883714344072,9.897324656543745
B02682,2/7/2015,1300,13450,2015-02-07,5,Saturday,1,2,3,14375.0,15388.0,13355.0,13032.285714285714,1500.2977164867154,11516.07142857143,2930.059712289569,10.346153846153847
B02764,2/7/2015,3849,38530,2015-02-07,5,Saturday,1,2,4,38693.0,44297.0,39187.0,35549.142857142855,5153.392327020184,31922.785714285714,8438.445529275483,10.010392309690829
B02765,2/7/2015,345,3473,2015-02-07,5,Saturday,1,2,5,3569.0,3282.0,2376.0,2840.714285714286,461.7884487820923,2363.1428571428573,722.3613901794439,10.066666666666666
B02512,2/8/2015,176,1196,2015-02-08,6,Sunday,1,2,0,1504.0,1377.0,1190.0,1764.2857142857142,255.79400194017836,1585.857142857143,424.4259212599563,6.795454545454546
B02598,2/8/2015,923,8129,2015-02-08,6,Sunday,1,2,1,10512.0,9499.0,7219.0,10318.57142857143,1044.6487220022534,9193.142857142857,2483.2727740483265,8.807150595882991
B02617,2/8/2015,1256,11004,2015-02-08,6,Sunday,1,2,2,13688.0,13458.0,10362.0,13414.57142857143,1250.2982120468687,12157.714285714286,3131.4789926356993,8.761146496815286
B02682,2/8/2015,1136,10356,2015-02-08,6,Sunday,1,2,3,13450.0,12436.0,9303.0,12755.42857142857,1125.011534332411,11522.857142857143,2934.752324948601,9.116197183098592
B02764,2/8/2015,3422,29692,2015-02-08,6,Sunday,1,2,4,38530.0,37468.0,28066.0,34725.28571428572,3806.880512715795,31875.85714285714,8396.663062991543,8.676797194623028
B02765,2/8/2015,313,2623,2015-02-08,6,Sunday,1,2,5,3473.0,2672.0,1755.0,2868.0,496.5433851470916,2441.5,780.9824926630268,8.380191693290735
B02512,2/9/2015,228,1565,2015-02-09,0,Monday,0,2,0,1196.0,1904.0,1000.0,1738.4285714285713,305.7400078186578,1586.2857142857142,423.99826352536803,6.864035087719298
B02598,2/9/2015,976,8135,2015-02-09,0,Monday,0,2,1,8129.0,9511.0,5919.0,10122.857142857143,1316.696804959466,9258.142857142857,2439.1419947042177,8.335040983606557
B02617,2/9/2015,1312,10887,2015-02-09,0,Monday,0,2,2,11004.0,12216.0,7608.0,13064.0,1545.3230514469496,12203.57142857143,3107.770848751829,8.298018292682928
B02682,2/9/2015,1241,10209,2015-02-09,0,Monday,0,2,3,10356.0,11981.0,7565.0,12458.285714285714,1450.9233513278996,11598.07142857143,2886.581887718675,8.226430298146656
B02764,2/9/2015,3543,28266,2015-02-09,0,Monday,0,2,4,29692.0,30761.0,19940.0,33614.42857142857,4002.655237761678,31992.0,8351.032778138187,7.977984758679086
B02765,2/9/2015,388,2894,2015-02-09,0,Monday,0,2,5,2623.0,2607.0,1363.0,2861.0,500.0996567352014,2503.5,756.3567280060389,7.458762886597938
B02512,2/10/2015,233,1555,2015-02-10,1,Tuesday,0,2,0,1565.0,1915.0,629.0,1690.0,301.96798947349896,1626.642857142857,389.37713716274465,6.67381974248927
B02598,2/10/2015,1029,8718,2015-02-10,1,Tuesday,0,2,1,8135.0,9602.0,2957.0,9926.285714285714,1511.5592076049247,9416.42857142857,2271.9559758155424,8.472303206997085
B02617,2/10/2015,1364,11401,2015-02-10,1,Tuesday,0,2,2,10887.0,12665.0,4325.0,12874.142857142857,1736.6656201440896,12437.785714285714,2847.4443380410044,8.35850439882698
B02682,2/10/2015,1281,10536,2015-02-10,1,Tuesday,0,2,3,10209.0,11955.0,4414.0,12205.142857142857,1683.9431333006726,11786.92857142857,2681.634560782366,8.224824355971897
B02764,2/10/2015,3700,29124,2015-02-10,1,Tuesday,0,2,4,28266.0,31641.0,11998.0,33258.0,4391.314116146408,32586.714285714286,7697.6395525718535,7.871351351351351
B02765,2/10/2015,422,3432,2015-02-10,1,Tuesday,0,2,5,2894.0,2410.0,921.0,2902.0,487.40879488713875,2612.8571428571427,686.1994391790711,8.132701421800947
B02512,2/11/2015,255,1831,2015-02-11,2,Wednesday,0,2,0,1555.0,1639.0,1438.0,1638.5714285714287,287.57425542101794,1692.7857142857142,265.964479575007,7.180392156862745
B02598,2/11/2015,1115,10034,2015-02-11,2,Wednesday,0,2,1,8718.0,9600.0,8071.0,9800.0,1578.60824779297,9827.92857142857,1344.3936273557388,8.999103139013453
B02617,2/11/2015,1450,12749,2015-02-11,2,Wednesday,0,2,2,11401.0,11959.0,10862.0,12693.57142857143,1825.4776413442041,12943.214285714286,1688.9785342066998,8.792413793103448
B02682,2/11/2015,1396,12189,2015-02-11,2,Wednesday,0,2,3,10536.0,11309.0,10025.0,12002.42857142857,1800.4537258834587,12224.214285714286,1709.9890768239309,8.73137535816619
B02764,2/11/2015,3849,31889,2015-02-11,2,Wednesday,0,2,4,29124.0,29994.0,28137.0,32898.42857142857,4641.696236547691,33810.0,5094.8145131179035,8.285009093270979
B02765,2/11/2015,450,3778,2015-02-11,2,Wednesday,0,2,5,3432.0,2334.0,1913.0,3048.0,468.1573809450544,2792.214285714286,517.3567700074382,8.395555555555555
B02512,2/12/2015,269,2092,2015-02-12,3,Thursday,0,2,0,1831.0,2022.0,1687.0,1666.0,296.63557889549793,1720.857142857143,257.61296465907816,7.776951672862453
B02598,2/12/2015,1181,11640,2015-02-12,3,Thursday,0,2,1,10034.0,11609.0,9499.0,9862.0,1577.9666240661293,9968.142857142857,1245.8099532273911,9.856054191363251
B02617,2/12/2015,1532,14263,2015-02-12,3,Thursday,0,2,2,12749.0,14499.0,12600.0,12806.42857142857,1796.6882364638552,13078.0,1582.0229503343626,9.310052219321149
B02682,2/12/2015,1468,13786,2015-02-12,3,Thursday,0,2,3,12189.0,13782.0,11485.0,12128.142857142857,1774.501754349791,12378.785714285714,1589.4609235437483,9.39100817438692
B02764,2/12/2015,4137,36844,2015-02-12,3,Thursday,0,2,4,31889.0,35990.0,31637.0,33169.142857142855,4497.078697279363,34078.0,4867.036138064999,8.905970510031423
B02765,2/12/2015,536,4609,2015-02-12,3,Thursday,0,2,5,3778.0,3011.0,2086.0,3254.285714285714,416.3843233863446,2925.4285714285716,513.6494935243335,8.598880597014926
B02512,2/13/2015,281,2408,2015-02-13,4,Friday,0,2,0,2092.0,1989.0,2016.0,1676.0,311.44715977727884,1749.7857142857142,275.62828329010506,8.569395017793594
B02598,2/13/2015,1216,13062,2015-02-13,4,Friday,0,2,1,11640.0,11897.0,11167.0,9866.42857142857,1583.7197623677857,10121.07142857143,1313.36745483835,10.741776315789474
B02617,2/13/2015,1590,16996,2015-02-13,4,Friday,0,2,2,14263.0,15417.0,14793.0,12772.714285714286,1761.5039705022575,13196.785714285714,1605.6284740572223,10.68930817610063
B02682,2/13/2015,1523,16088,2015-02-13,4,Friday,0,2,3,13786.0,14375.0,13852.0,12128.714285714286,1775.1236308386847,12543.142857142857,1608.7795592714651,10.563361785948786
B02764,2/13/2015,4395,43561,2015-02-13,4,Friday,0,2,4,36844.0,38693.0,39110.0,33291.142857142855,4596.836826506228,34449.92857142857,4865.104733860151,9.911490329920364
B02765,2/13/2015,599,5909,2015-02-13,4,Friday,0,2,5,4609.0,3569.0,2785.0,3482.5714285714284,639.207545101186,3105.6428571428573,626.6490377264766,9.864774624373956
B02512,2/14/2015,236,2055,2015-02-14,5,Saturday,1,2,0,2408.0,1504.0,1892.0,1735.857142857143,407.1794970982004,1777.7857142857142,320.93881002493237,8.707627118644067
B02598,2/14/2015,1111,12678,2015-02-14,5,Saturday,1,2,1,13062.0,10512.0,11642.0,10032.857142857143,1868.3137163916372,10256.42857142857,1512.0728367827583,11.411341134113412
B02617,2/14/2015,1486,16999,2015-02-14,5,Saturday,1,2,2,16996.0,13688.0,15756.0,12998.285714285714,2202.4643556923274,13354.142857142857,1861.6375693352534,11.439434724091521
B02682,2/14/2015,1428,16448,2015-02-14,5,Saturday,1,2,3,16088.0,13450.0,15388.0,12373.42857142857,2202.9272841035017,12702.857142857143,1842.699017834896,11.518207282913165
B02764,2/14/2015,4129,45858,2015-02-14,5,Saturday,1,2,4,43561.0,38530.0,44297.0,33986.57142857143,5769.026661322312,34767.857142857145,5317.463462058722,11.10632114313393
B02765,2/14/2015,583,6307,2015-02-14,5,Saturday,1,2,5,5909.0,3473.0,3282.0,3816.8571428571427,1121.7081362177692,3328.785714285714,967.3062659199078,10.818181818181818
B02512,2/15/2015,210,1996,2015-02-15,6,Sunday,1,2,0,2055.0,1196.0,1377.0,1814.5714285714287,408.14493224133787,1789.4285714285713,328.27373996658366,9.504761904761905
B02598,2/15/2015,1003,11517,2015-02-15,6,Sunday,1,2,1,12678.0,8129.0,9499.0,10342.285714285714,2122.9129919590573,10330.42857142857,1607.4411444799548,11.482552342971086
B02617,2/15/2015,1293,14662,2015-02-15,6,Sunday,1,2,2,16999.0,11004.0,13458.0,13471.285714285714,2679.2101270266,13442.92857142857,2008.8215628643086,11.33952049497293
B02682,2/15/2015,1261,14517,2015-02-15,6,Sunday,1,2,3,16448.0,10356.0,12436.0,12801.714285714286,2685.655023408986,12778.57142857143,1978.302719088176,11.51229183187946
B02764,2/15/2015,3651,41209,2015-02-15,6,Sunday,1,2,4,45858.0,29692.0,37468.0,35033.42857142857,7214.646164969863,34879.357142857145,5544.179784063811,11.287044645302657
B02765,2/15/2015,521,5500,2015-02-15,6,Sunday,1,2,5,6307.0,2623.0,2672.0,4221.714285714285,1442.4853221998146,3544.8571428571427,1252.0080398576263,10.556621880998081
B02512,2/16/2015,207,1576,2015-02-16,0,Monday,0,2,0,1996.0,1565.0,1904.0,1928.857142857143,305.0548740644489,1833.642857142857,309.60684924416785,7.613526570048309
B02598,2/16/2015,934,9052,2015-02-16,0,Monday,0,2,1,11517.0,8135.0,9511.0,10826.285714285714,1909.715747983249,10474.57142857143,1617.5972073648986,9.691648822269807
B02617,2/16/2015,1214,11824,2015-02-16,0,Monday,0,2,2,14662.0,10887.0,12216.0,13993.857142857143,2466.027063150456,13528.92857142857,2035.1166462235765,9.739703459637562
B02682,2/16/2015,1164,11323,2015-02-16,0,Monday,0,2,3,14517.0,10209.0,11981.0,13396.142857142857,2508.775493381282,12927.214285714286,2028.1350728258703,9.72766323024055
B02764,2/16/2015,3524,33448,2015-02-16,0,Monday,0,2,4,41209.0,28266.0,30761.0,36678.71428571428,7105.922218222535,35146.57142857143,5764.324908291646,9.491486946651532
B02765,2/16/2015,508,4875,2015-02-16,0,Monday,0,2,5,5500.0,2894.0,2607.0,4632.714285714285,1315.3113337768752,3746.8571428571427,1326.2805630288549,9.596456692913385
B02512,2/17/2015,241,1797,2015-02-17,1,Tuesday,0,2,0,1576.0,1555.0,1915.0,1930.4285714285713,302.88878990088034,1810.2142857142858,316.2129707288154,7.45643153526971
B02598,2/17/2015,1066,9463,2015-02-17,1,Tuesday,0,2,1,9052.0,8718.0,9602.0,10957.285714285714,1715.9559740162001,10441.785714285714,1643.0801365620696,8.877110694183864
B02617,2/17/2015,1378,12524,2015-02-17,1,Tuesday,0,2,2,11824.0,11401.0,12665.0,14127.714285714286,2288.30473744835,13500.92857142857,2057.147407465977,9.088534107402031
B02682,2/17/2015,1314,11887,2015-02-17,1,Tuesday,0,2,3,11323.0,10536.0,11955.0,13555.285714285714,2299.510217001711,12880.214285714286,2059.1366816281034,9.04642313546423
B02764,2/17/2015,3826,32473,2015-02-17,1,Tuesday,0,2,4,33448.0,29124.0,31641.0,37419.0,6308.623410327601,35338.5,5650.683672046977,8.487454260324098
B02765,2/17/2015,578,4907,2015-02-17,1,Tuesday,0,2,5,4875.0,3432.0,2410.0,4915.714285714285,1068.8947117288506,3908.8571428571427,1314.8055636974143,8.48961937716263
B02512,2/18/2015,228,1589,2015-02-18,2,Wednesday,0,2,0,1797.0,1831.0,1639.0,1965.0,264.2410515671891,1801.7857142857142,314.77444392683844,6.969298245614035
B02598,2/18/2015,1078,9538,2015-02-18,2,Wednesday,0,2,1,9463.0,10034.0,9600.0,11063.714285714286,1570.893027790844,10431.857142857143,1648.9544872733434,8.847866419294991
B02617,2/18/2015,1394,12016,2015-02-18,2,Wednesday,0,2,2,12524.0,12749.0,11959.0,14288.142857142857,2096.616276175447,13490.857142857143,2061.8944558955436,8.619799139167862
B02682,2/18/2015,1314,11724,2015-02-18,2,Wednesday,0,2,3,11887.0,12189.0,11309.0,13748.285714285714,2046.6570885459194,12875.357142857143,2061.5657457805823,8.922374429223744
B02764,2/18/2015,3842,32317,2015-02-18,2,Wednesday,0,2,4,32473.0,31889.0,29994.0,37897.42857142857,5669.303450958305,35397.92857142857,5613.05536521482,8.41150442477876
B02765,2/18/2015,586,5059,2015-02-18,2,Wednesday,0,2,5,4907.0,3778.0,2334.0,5126.428571428572,850.7917600962154,4087.214285714286,1264.2308807255997,8.633105802047782
