dispatching_base_number,date,active_vehicles,trips,trip_date,day_of_week,day_name,is_weekend,month,base_encoded,trips_lag_1,trips_lag_7,trips_lag_14,roll_mean_7,roll_std_7,roll_mean_14,roll_std_14,trips_per_vehicle,predicted_trips,predicted_trips_per_vehicle
B02512,1/8/2015,238,1772,2015-01-08,3,Thursday,0,1,0,1446.0,1132.0,,1090.0,232.93132035001216,,,7.445378151260504,1770.4983,7.439068449645483
B02512,1/9/2015,224,1560,2015-01-09,4,Friday,0,1,0,1772.0,875.0,,1181.428571428571,348.9001085042619,,,6.964285714285714,1562.7527,6.9765744890485495
B02512,1/10/2015,206,1646,2015-01-10,5,Saturday,1,1,0,1560.0,1088.0,,1279.2857142857142,344.6673344379642,,,7.990291262135922,1649.5958,8.00774672424909
B02512,1/11/2015,162,1104,2015-01-11,6,Sunday,1,1,0,1646.0,791.0,,1359.0,357.3471701301132,,,6.814814814814815,1104.547,6.818191339940201
B02512,1/12/2015,217,1399,2015-01-12,0,Monday,0,1,0,1104.0,984.0,,1403.7142857142858,287.10840826286886,,,6.447004608294931,1397.8798,6.441842215401786
B02512,1/13/2015,234,1652,2015-01-13,1,Tuesday,0,1,0,1399.0,1314.0,,1463.0,221.3014535273852,,,7.05982905982906,1651.9948,7.059806628104968
B02512,1/14/2015,233,1582,2015-01-14,2,Wednesday,0,1,0,1652.0,1446.0,,1511.2857142857142,220.24434482767444,,,6.789699570815451,1573.8412,6.754683203963251
B02512,1/15/2015,237,1636,2015-01-15,3,Thursday,0,1,0,1582.0,1772.0,1132.0,1530.7142857142858,219.5227507463366,1310.357142857143,315.55631147908565,6.90295358649789,1640.2418,6.920851566620517
B02512,1/16/2015,234,1481,2015-01-16,4,Friday,0,1,0,1636.0,1560.0,875.0,1511.2857142857142,199.73542023196137,1346.357142857143,322.3201006030298,6.329059829059829,1482.0525,6.333557650574252
B02512,1/17/2015,201,1281,2015-01-17,5,Saturday,1,1,0,1481.0,1646.0,1088.0,1500.0,198.7536163193015,1389.642857142857,293.55817327899604,6.373134328358209,1277.8169,6.357297982742537
B02512,1/18/2015,177,1521,2015-01-18,6,Sunday,1,1,0,1281.0,1104.0,791.0,1447.857142857143,201.9203048824204,1403.428571428571,282.6315117402364,8.59322033898305,1522.4924,8.601652156161723
B02512,1/19/2015,168,1025,2015-01-19,0,Monday,0,1,0,1521.0,1399.0,984.0,1507.428571428571,133.48015725549809,1455.571428571429,221.73050665710736,6.101190476190476,1025.5305,6.104348318917411
B02512,1/20/2015,221,1310,2015-01-20,1,Tuesday,0,1,0,1025.0,1652.0,1314.0,1454.0,226.53182263573208,1458.5,215.19749426622397,5.927601809954751,1310.2472,5.928720327524038
B02512,1/21/2015,242,1519,2015-01-21,2,Wednesday,0,1,0,1310.0,1582.0,1446.0,1405.142857142857,213.19899043806384,1458.2142857142858,215.4066560543741,6.276859504132231,1518.7865,6.27597726869189
B02512,1/22/2015,246,1551,2015-01-22,3,Thursday,0,1,0,1519.0,1636.0,1772.0,1396.142857142857,205.68619186471813,1463.428571428571,215.9710501560208,6.304878048780488,1552.9224,6.3126925336636175
B02512,1/23/2015,246,1670,2015-01-23,4,Friday,0,1,0,1551.0,1481.0,1560.0,1384.0,191.16223476408757,1447.642857142857,199.09974583411383,6.788617886178862,1669.2119,6.785414284806911
B02512,1/24/2015,211,1608,2015-01-24,5,Saturday,1,1,0,1670.0,1281.0,1646.0,1411.0,218.5337502538227,1455.5,205.9281988386317,7.62085308056872,1607.344,7.617744048059834
B02512,1/25/2015,183,1190,2015-01-25,6,Sunday,1,1,0,1608.0,1521.0,1104.0,1457.7142857142858,221.04879874944265,1452.7857142857142,203.45975923109117,6.502732240437158,1189.3342,6.4990941448941255
B02512,1/26/2015,197,1000,2015-01-26,0,Monday,0,1,0,1190.0,1025.0,1399.0,1410.428571428571,239.85749737629465,1458.928571428571,193.15655837676331,5.076142131979696,996.9295,5.060555859870717
B02512,1/27/2015,112,629,2015-01-27,1,Tuesday,0,1,0,1000.0,1310.0,1652.0,1406.857142857143,246.6430812405036,1430.428571428571,228.822307373316,5.616071428571429,632.812,5.650107247488839
B02512,1/28/2015,235,1438,2015-01-28,2,Wednesday,0,1,0,629.0,1519.0,1582.0,1309.571428571429,386.09707636934064,1357.357142857143,303.7100355837549,6.1191489361702125,1438.6587,6.121951878324468
B02512,1/29/2015,250,1687,2015-01-29,3,Thursday,0,1,0,1438.0,1551.0,1636.0,1298.0,379.9390301965129,1347.071428571429,297.89968995406025,6.748,1686.452,6.74580810546875
B02512,1/30/2015,256,2016,2015-01-30,4,Friday,0,1,0,1687.0,1670.0,1481.0,1317.428571428571,398.0769846578496,1350.7142857142858,301.98839217921767,7.875,2016.8306,7.878244400024414
B02512,1/31/2015,225,1892,2015-01-31,5,Saturday,1,1,0,2016.0,1608.0,1281.0,1366.857142857143,465.0062467578362,1388.928571428571,349.80730174147067,8.408888888888889,1888.2031,8.392013888888888
B02512,2/1/2015,193,1377,2015-02-01,6,Sunday,1,2,0,1892.0,1190.0,1521.0,1407.428571428571,500.5809482134592,1432.571428571429,372.67364858767286,7.134715025906735,1377.3647,7.136604902040156
B02512,2/2/2015,227,1904,2015-02-02,0,Monday,0,2,0,1377.0,1000.0,1025.0,1434.142857142857,491.9591543246348,1422.2857142857142,372.0319317501633,8.387665198237885,1904.0559,8.387911489881608
B02512,2/3/2015,257,1915,2015-02-03,1,Tuesday,0,2,0,1904.0,629.0,1310.0,1563.2857142857142,477.43820343080887,1485.071428571429,373.99351378285735,7.45136186770428,1917.1758,7.459827942607004
B02512,2/4/2015,244,1639,2015-02-04,2,Wednesday,0,2,0,1915.0,1438.0,1519.0,1747.0,252.4017960844716,1528.2857142857142,386.9375677272514,6.717213114754099,1636.8246,6.708297479348104
B02512,2/5/2015,264,2022,2015-02-05,3,Thursday,0,2,0,1639.0,1687.0,1551.0,1775.7142857142858,220.8511672942632,1536.857142857143,388.0435854073922,7.659090909090909,2019.2595,7.6487103086529356
B02512,2/6/2015,261,1989,2015-02-06,4,Friday,0,2,0,2022.0,2016.0,1670.0,1823.571428571429,234.30952259981447,1570.5,409.20462250190064,7.620689655172414,1989.8203,7.623832614942529
B02512,2/7/2015,211,1504,2015-02-07,5,Saturday,1,2,0,1989.0,1892.0,1608.0,1819.7142857142856,230.80996099657116,1593.2857142857142,423.7926613100087,7.127962085308057,1506.0117,7.137496297393365
B02512,2/8/2015,176,1196,2015-02-08,6,Sunday,1,2,0,1504.0,1377.0,1190.0,1764.2857142857142,255.7940019401784,1585.857142857143,424.4259212599563,6.795454545454546,1195.8414,6.794553583318537
B02512,2/9/2015,228,1565,2015-02-09,0,Monday,0,2,0,1196.0,1904.0,1000.0,1738.428571428571,305.7400078186578,1586.2857142857142,423.998263525368,6.864035087719298,1563.6229,6.857995284231086
B02512,2/10/2015,233,1555,2015-02-10,1,Tuesday,0,2,0,1565.0,1915.0,629.0,1690.0,301.96798947349896,1626.642857142857,389.3771371627447,6.67381974248927,1557.1713,6.683138474885998
B02512,2/11/2015,255,1831,2015-02-11,2,Wednesday,0,2,0,1555.0,1639.0,1438.0,1638.571428571429,287.57425542101794,1692.7857142857142,265.964479575007,7.180392156862745,1835.2817,7.197183287377451
B02512,2/12/2015,269,2092,2015-02-12,3,Thursday,0,2,0,1831.0,2022.0,1687.0,1666.0,296.635578895498,1720.857142857143,257.61296465907816,7.776951672862453,2088.748,7.764862627788104
B02512,2/13/2015,281,2408,2015-02-13,4,Friday,0,2,0,2092.0,1989.0,2016.0,1676.0,311.44715977727884,1749.7857142857142,275.62828329010506,8.569395017793594,2407.5,8.567615658362989
B02512,2/14/2015,236,2055,2015-02-14,5,Saturday,1,2,0,2408.0,1504.0,1892.0,1735.857142857143,407.1794970982004,1777.7857142857142,320.9388100249324,8.707627118644067,2056.9475,8.715879278667902
B02512,2/15/2015,210,1996,2015-02-15,6,Sunday,1,2,0,2055.0,1196.0,1377.0,1814.571428571429,408.1449322413378,1789.428571428571,328.27373996658366,9.504761904761905,1996.4241,9.506781296502977
B02512,2/16/2015,207,1576,2015-02-16,0,Monday,0,2,0,1996.0,1565.0,1904.0,1928.857142857143,305.0548740644489,1833.642857142857,309.60684924416785,7.613526570048309,1578.6969,7.626555069633152
B02512,2/17/2015,241,1797,2015-02-17,1,Tuesday,0,2,0,1576.0,1555.0,1915.0,1930.4285714285716,302.88878990088034,1810.2142857142856,316.2129707288154,7.45643153526971,1792.3812,7.43726649620721
B02512,2/18/2015,228,1589,2015-02-18,2,Wednesday,0,2,0,1797.0,1831.0,1639.0,1965.0,264.2410515671891,1801.7857142857144,314.77444392683844,6.969298245614035,1590.0104,6.9737297191954495
B02512,2/19/2015,250,2120,2015-02-19,3,Thursday,0,2,0,1589.0,2092.0,2022.0,1930.4285714285716,298.32692198484693,1798.2142857142858,317.03898779206884,8.48,2211.5693,8.84627734375
B02512,2/20/2015,272,2380,2015-02-20,4,Friday,0,2,0,2120.0,2408.0,1989.0,1934.4285714285716,301.02981975371307,1805.2142857142856,323.37860130228097,8.75,2433.0142,8.94490500057445
B02512,2/21/2015,238,2149,2015-02-21,5,Saturday,1,2,0,2380.0,2055.0,1504.0,1930.4285714285716,293.7872570091374,1833.142857142857,355.73755605953187,9.029411764705882,2140.4915,8.993661575958509
B02512,2/22/2015,199,1312,2015-02-22,6,Sunday,1,2,0,2149.0,1996.0,1196.0,1943.857142857143,302.45078308788817,1879.2142857142856,351.5738632473709,6.592964824120603,1265.834,6.360974795854271
B02512,2/23/2015,238,1844,2015-02-23,0,Monday,0,2,0,1312.0,1576.0,1565.0,1846.142857142857,382.6545128317145,1887.5,335.22019169954046,7.7478991596638656,1758.6029,7.389087837283351
B02512,2/24/2015,247,1869,2015-02-24,1,Tuesday,0,2,0,1844.0,1797.0,1555.0,1884.4285714285716,364.07730733222894,1907.4285714285716,322.6297507111763,7.566801619433198,1821.56,7.374737079326923
B02512,2/25/2015,246,1647,2015-02-25,2,Wednesday,0,2,0,1869.0,1589.0,1831.0,1894.7142857142856,362.20791188014095,1929.857142857143,306.7694842769016,6.695121951219512,1693.4465,6.8839289967606705
B02512,2/26/2015,243,1797,2015-02-26,3,Thursday,0,2,0,1647.0,2120.0,2092.0,1903.0,354.6331437791273,1916.7142857142856,315.1574523634488,7.395061728395062,1927.7963,7.933317961516203
B02512,2/27/2015,272,2056,2015-02-27,4,Friday,0,2,0,1797.0,2380.0,2408.0,1856.857142857143,342.4983837292424,1895.642857142857,312.38600558206224,7.558823529411764,2191.802,8.058095595415901
B02512,2/28/2015,230,1803,2015-02-28,5,Saturday,1,2,0,2056.0,2149.0,2055.0,1810.571428571429,275.32214897150254,1870.5,280.5159394895272,7.839130434782609,1862.38,8.097304369055706
B02598,1/8/2015,1070,10050,2015-01-08,3,Thursday,0,1,1,8397.0,6903.0,,6476.714285714285,1281.2142306273,,,9.392523364485982,10050.115,9.392631060163552
B02598,1/9/2015,1070,9538,2015-01-09,4,Friday,0,1,1,10050.0,4768.0,,6926.285714285715,1871.7598416361816,,,8.914018691588785,9543.38,8.919046619450935
B02598,1/10/2015,949,10287,2015-01-10,5,Saturday,1,1,1,9538.0,7432.0,,7607.714285714285,1822.697151136717,,,10.839831401475235,10285.538,10.838290923011064
B02598,1/11/2015,832,7176,2015-01-11,6,Sunday,1,1,1,10287.0,5223.0,,8015.571428571428,2078.3251956918625,,,8.625,7166.848,8.614000173715445
B02598,1/12/2015,964,7915,2015-01-12,0,Monday,0,1,1,7176.0,5798.0,,8294.57142857143,1745.3820839711912,,,8.21058091286307,7916.5815,8.212221517602437
B02598,1/13/2015,975,8713,2015-01-13,1,Tuesday,0,1,1,7915.0,6816.0,,8597.0,1387.3905962873848,,,8.936410256410257,8716.393,8.939889823717948
B02598,1/14/2015,1030,8870,2015-01-14,2,Wednesday,0,1,1,8713.0,8397.0,,8868.0,1145.7547730644624,,,8.611650485436893,8868.8545,8.610538341929612
B02598,1/15/2015,1068,9152,2015-01-15,3,Thursday,0,1,1,8870.0,10050.0,6903.0,8935.57142857143,1127.1443056300657,7706.142857142857,1723.8755468707425,8.569288389513108,9151.487,8.568808337722379
B02598,1/16/2015,1079,9838,2015-01-16,4,Friday,0,1,1,9152.0,9538.0,4768.0,8807.285714285714,1025.7042644423564,7866.785714285715,1747.897382068455,9.117701575532902,9844.353,9.123589007472196
B02598,1/17/2015,974,9546,2015-01-17,5,Saturday,1,1,1,9838.0,10287.0,7432.0,8850.142857142857,1066.7698015616145,8228.92857142857,1572.9452268954528,9.80082135523614,9544.077,9.798847174987166
B02598,1/18/2015,869,9443,2015-01-18,6,Sunday,1,1,1,9546.0,7176.0,5223.0,8744.285714285714,928.1886866878068,8379.92857142857,1591.9123702344598,10.86651323360184,9441.702,10.86501973352992
B02598,1/19/2015,706,5609,2015-01-19,0,Monday,0,1,1,9443.0,7915.0,5798.0,9068.142857142857,640.7941501427266,8681.357142857143,1325.3823603394242,7.944759206798867,5609.947,7.946100251195113
B02598,1/20/2015,944,7206,2015-01-20,1,Tuesday,0,1,1,5609.0,8713.0,6816.0,8738.714285714286,1434.106657387066,8667.857142857143,1357.5820619561298,7.633474576271187,7207.9062,7.635493908898305
B02598,1/21/2015,1035,8041,2015-01-21,2,Wednesday,0,1,1,7206.0,8870.0,8397.0,8523.42857142857,1547.2603591663617,8695.714285714286,1320.1446557434203,7.769082125603865,8038.514,7.766680347977053
B02598,1/22/2015,1071,9080,2015-01-22,3,Thursday,0,1,1,8041.0,9152.0,10050.0,8405.0,1548.038328552193,8670.285714285714,1329.734874012424,8.478057889822596,9080.738,8.47874722805789
B02598,1/23/2015,1093,9343,2015-01-23,4,Friday,0,1,1,9080.0,9838.0,9538.0,8394.714285714286,1542.47698138262,8601.0,1276.5211137486742,8.548032936870998,9343.675,8.548650324508234
B02598,1/24/2015,945,10040,2015-01-24,5,Saturday,1,1,1,9343.0,9546.0,10287.0,8324.0,1475.159878340876,8587.07142857143,1266.5355207315456,10.624338624338623,10041.57,10.62600033068783
B02598,1/25/2015,829,7219,2015-01-25,6,Sunday,1,1,1,10040.0,9443.0,7176.0,8394.57142857143,1553.1199628643049,8569.42857142857,1242.5267503256125,8.708082026537998,7219.1196,8.708226331611883
B02598,1/26/2015,860,5919,2015-01-26,0,Monday,0,1,1,7219.0,5609.0,7915.0,8076.857142857143,1530.210162970154,8572.5,1238.8650978896906,6.882558139534884,5918.129,6.881545239825582
B02598,1/27/2015,434,2957,2015-01-27,1,Tuesday,0,1,1,5919.0,7206.0,8713.0,8121.142857142857,1449.227314648676,8429.92857142857,1421.7110744173312,6.813364055299539,2956.9949,6.813352242043491
B02598,1/28/2015,1011,8071,2015-01-28,2,Wednesday,0,1,1,2957.0,8041.0,8870.0,7514.142857142857,2444.4938418529814,8018.785714285715,2033.993615396207,7.983184965380811,8072.157,7.9843296009520275
B02598,1/29/2015,1082,9499,2015-01-29,3,Thursday,0,1,1,8071.0,9080.0,9152.0,7518.428571428572,2445.5975314254574,7961.714285714285,2019.429676859342,8.779112754158964,9497.961,8.778152437615526
B02598,1/30/2015,1106,11167,2015-01-30,4,Friday,0,1,1,9499.0,9343.0,9838.0,7578.285714285715,2494.820014502431,7986.5,2037.2137363792524,10.096745027124774,11164.993,10.094930528085444
B02598,1/31/2015,1027,11642,2015-01-31,5,Saturday,1,1,1,11167.0,10040.0,9546.0,7838.857142857143,2787.894452125202,8081.428571428572,2157.53572799674,11.33592989289192,11640.655,11.33462051941334
B02598,2/1/2015,961,9499,2015-02-01,6,Sunday,1,2,1,11642.0,7219.0,9443.0,8067.714285714285,3051.9493614347384,8231.142857142857,2332.60144827262,9.884495317377732,9500.728,9.886292964685223
B02598,2/2/2015,939,9511,2015-02-02,0,Monday,0,2,1,9499.0,5919.0,5609.0,8393.42857142857,3067.898404290406,8235.142857142857,2334.88632097328,10.128860489882854,9511.745,10.12965401191427
B02598,2/3/2015,991,9602,2015-02-03,1,Tuesday,0,2,1,9511.0,2957.0,7206.0,8906.57142857143,2879.6690699420565,8513.857142857143,2227.7215976157167,9.68920282542886,9601.001,9.688194729124621
B02598,2/4/2015,1072,9600,2015-02-04,2,Wednesday,0,2,1,9602.0,8071.0,8041.0,9855.857142857143,1192.5589333545745,8685.0,2211.49396075629,8.955223880597014,9596.572,8.9520263671875
B02598,2/5/2015,1179,11609,2015-02-05,3,Thursday,0,2,1,9600.0,9499.0,9080.0,10074.285714285714,920.0499468843497,8796.357142857143,2215.818223839425,9.846480067854111,11608.534,9.84608497004877
B02598,2/6/2015,1181,11897,2015-02-06,4,Friday,0,2,1,11609.0,11167.0,9343.0,10375.714285714286,1038.2141260012602,8977.0,2340.310893219761,10.073666384419983,11897.183,10.073821013706604
B02598,2/7/2015,1031,10512,2015-02-07,5,Saturday,1,2,1,11897.0,11642.0,10040.0,10480.0,1160.4151555944634,9159.42857142857,2467.1415635316703,10.19592628516004,10514.524,10.198374795404947
B02598,2/8/2015,923,8129,2015-02-08,6,Sunday,1,2,1,10512.0,9499.0,7219.0,10318.57142857143,1044.6487220022534,9193.142857142857,2483.2727740483265,8.807150595882991,8131.108,8.809434355532233
B02598,2/9/2015,976,8135,2015-02-09,0,Monday,0,2,1,8129.0,9511.0,5919.0,10122.857142857143,1316.696804959466,9258.142857142857,2439.1419947042177,8.335040983606557,8134.994,8.335034980148565
B02598,2/10/2015,1029,8718,2015-02-10,1,Tuesday,0,2,1,8135.0,9602.0,2957.0,9926.285714285714,1511.5592076049247,9416.42857142857,2271.9559758155424,8.472303206997085,8716.736,8.471075148809524
B02598,2/11/2015,1115,10034,2015-02-11,2,Wednesday,0,2,1,8718.0,9600.0,8071.0,9800.0,1578.60824779297,9827.92857142857,1344.3936273557388,8.999103139013453,10036.211,9.001086042600896
B02598,2/12/2015,1181,11640,2015-02-12,3,Thursday,0,2,1,10034.0,11609.0,9499.0,9862.0,1577.9666240661293,9968.142857142857,1245.8099532273911,9.856054191363253,11641.496,9.857320993861135
B02598,2/13/2015,1216,13062,2015-02-13,4,Friday,0,2,1,11640.0,11897.0,11167.0,9866.42857142857,1583.7197623677855,10121.07142857143,1313.36745483835,10.741776315789474,13061.011,10.740962781404194
B02598,2/14/2015,1111,12678,2015-02-14,5,Saturday,1,2,1,13062.0,10512.0,11642.0,10032.857142857143,1868.3137163916367,10256.42857142857,1512.0728367827585,11.411341134113412,12676.6875,11.410159765976598
B02598,2/15/2015,1003,11517,2015-02-15,6,Sunday,1,2,1,12678.0,8129.0,9499.0,10342.285714285714,2122.9129919590573,10330.42857142857,1607.4411444799548,11.482552342971086,11517.5205,11.483071293930708
B02598,2/16/2015,934,9052,2015-02-16,0,Monday,0,2,1,11517.0,8135.0,9511.0,10826.285714285714,1909.715747983249,10474.57142857143,1617.5972073648986,9.691648822269809,9051.622,9.691244186630085
B02598,2/17/2015,1066,9463,2015-02-17,1,Tuesday,0,2,1,9052.0,8718.0,9602.0,10957.285714285714,1715.9559740162,10441.785714285714,1643.0801365620696,8.877110694183864,9456.826,8.871319110576923
B02598,2/18/2015,1078,9538,2015-02-18,2,Wednesday,0,2,1,9463.0,10034.0,9600.0,11063.714285714286,1570.893027790844,10431.857142857143,1648.9544872733434,8.847866419294991,9540.976,8.850626703096012
B02598,2/19/2015,1127,11739,2015-02-19,3,Thursday,0,2,1,9538.0,11640.0,11609.0,10992.857142857143,1634.9605936710288,10427.42857142857,1651.441827582826,10.416149068322982,12095.963,10.732886327085183
B02598,2/20/2015,1186,12758,2015-02-20,4,Friday,0,2,1,11739.0,13062.0,11897.0,11007.0,1641.9049911611755,10436.714285714286,1658.945050723102,10.75716694772344,12641.142,10.658635414470911
B02598,2/21/2015,1044,12132,2015-02-21,5,Saturday,1,2,1,12758.0,12678.0,10512.0,10963.57142857143,1581.3963088720886,10498.214285714286,1731.6125067769542,11.620689655172416,11837.779,11.338869058309387
B02598,2/22/2015,909,8271,2015-02-22,6,Sunday,1,2,1,12132.0,11517.0,8129.0,10885.57142857143,1493.7791957696647,10613.92857142857,1785.8820903574049,9.0990099009901,9041.771,9.946943327145215
B02598,2/23/2015,966,8943,2015-02-23,0,Monday,0,2,1,8271.0,9052.0,8135.0,10421.857142857143,1747.394386753352,10624.07142857143,1771.0248429950066,9.25776397515528,9117.928,9.438848586309524
B02598,2/24/2015,1061,9954,2015-02-24,1,Tuesday,0,2,1,8943.0,9463.0,8718.0,10406.285714285714,1762.0601308587304,10681.785714285714,1695.214267308975,9.381715362865222,9936.8545,9.365555600553723
B02598,2/25/2015,1076,9405,2015-02-25,2,Wednesday,0,2,1,9954.0,9538.0,10034.0,10476.42857142857,1727.6896767207936,10770.07142857143,1615.379567888501,8.740706319702602,9234.71,8.582444201614777
B02598,2/26/2015,1134,10661,2015-02-26,3,Thursday,0,2,1,9405.0,11739.0,11640.0,10457.42857142857,1740.4144005708142,10725.142857142857,1645.88586655159,9.401234567901234,11324.12,9.985996576003087
B02598,2/27/2015,1114,10755,2015-02-27,4,Friday,0,2,1,10661.0,12758.0,13062.0,10303.42857142857,1653.6453526620917,10655.214285714286,1624.6872919744555,9.654398563734292,11338.476,10.178164798866696
B02598,2/28/2015,994,10319,2015-02-28,5,Saturday,1,2,1,10755.0,12132.0,12678.0,10017.285714285714,1291.8403815597935,10490.42857142857,1471.5793041326867,10.38128772635815,11252.277,11.320198534959758
B02617,1/8/2015,1463,13462,2015-01-08,3,Thursday,0,1,2,11528.0,9537.0,,9221.42857142857,1680.7283001864455,,,9.20164046479836,13457.996,9.198903686773752
B02617,1/9/2015,1455,13165,2015-01-09,4,Friday,0,1,2,13462.0,7065.0,,9782.142857142857,2332.064280744382,,,9.04810996563574,13167.3955,9.049756362757732
B02617,1/10/2015,1331,13856,2015-01-10,5,Saturday,1,1,2,13165.0,10664.0,,10653.57142857143,2286.783975888617,,,10.410217881292262,13856.115,10.410304458583772
B02617,1/11/2015,1228,10932,2015-01-11,6,Sunday,1,1,2,13856.0,7729.0,,11109.57142857143,2587.6686326461804,,,8.90228013029316,10929.592,8.900319052829804
B02617,1/12/2015,1323,10662,2015-01-12,0,Monday,0,1,2,10932.0,7899.0,,11567.142857142857,2133.6135567444758,,,8.058956916099774,10666.45,8.06232063137755
B02617,1/13/2015,1342,11825,2015-01-13,1,Tuesday,0,1,2,10662.0,10128.0,,11961.857142857143,1504.839795301749,,,8.811475409836065,11821.291,8.808711636084203
B02617,1/14/2015,1405,11965,2015-01-14,2,Wednesday,0,1,2,11825.0,11528.0,,12204.285714285714,1280.0750908033633,,,8.516014234875446,11967.084,8.517497497775802
B02617,1/15/2015,1457,12539,2015-01-15,3,Thursday,0,1,2,11965.0,13462.0,9537.0,12266.714285714286,1251.9429851615605,10744.07142857143,2126.9593849612475,8.606039807824297,12539.744,8.606550542638985
B02617,1/16/2015,1445,12977,2015-01-16,4,Friday,0,1,2,12539.0,13165.0,7065.0,12134.857142857143,1149.4850192689814,10958.5,2147.13518437941,8.980622837370243,12975.675,8.979705747188582
B02617,1/17/2015,1306,12676,2015-01-17,5,Saturday,1,1,2,12977.0,13856.0,10664.0,12108.0,1123.3028680339662,11380.785714285714,1888.2411506100452,9.705972434915774,12674.77,9.705030268950996
B02617,1/18/2015,1223,12879,2015-01-18,6,Sunday,1,1,2,12676.0,10932.0,7729.0,11939.42857142857,879.3048119855558,11524.5,1905.9735146275104,10.530662305805397,12877.117,10.52912280253475
B02617,1/19/2015,992,7775,2015-01-19,0,Monday,0,1,2,12879.0,10662.0,7899.0,12217.57142857143,812.9575341805704,11892.357142857143,1587.449362348918,7.837701612903226,7777.7974,7.8405215355657765
B02617,1/20/2015,1350,10015,2015-01-20,1,Tuesday,0,1,2,7775.0,11825.0,10128.0,11805.142857142857,1829.9069583425485,11883.5,1611.6062579827735,7.4185185185185185,10016.612,7.419712818287037
B02617,1/21/2015,1429,10997,2015-01-21,2,Wednesday,0,1,2,10015.0,11965.0,11528.0,11546.57142857143,1950.536666077899,11875.42857142857,1621.3283117572155,7.695591322603219,10996.269,7.695079464441918
B02617,1/22/2015,1471,12143,2015-01-22,3,Thursday,0,1,2,10997.0,12539.0,13462.0,11408.285714285714,1950.2412427086824,11837.5,1636.2236423216464,8.254928619986403,12143.525,8.25528578560503
B02617,1/23/2015,1482,13121,2015-01-23,4,Friday,0,1,2,12143.0,12977.0,13165.0,11351.714285714286,1917.4433250455943,11743.285714285714,1572.2111537856229,8.85357624831309,13124.787,8.856131652749662
B02617,1/24/2015,1367,14143,2015-01-24,5,Saturday,1,1,2,13121.0,12676.0,13856.0,11372.285714285714,1938.4439390299383,11740.142857142857,1569.1916026139995,10.346013167520118,14139.368,10.343356374588515
B02617,1/25/2015,1203,10362,2015-01-25,6,Sunday,1,1,2,14143.0,12879.0,10932.0,11581.857142857143,2168.530026582633,11760.642857142857,1600.521482668547,8.613466334164588,10361.842,8.613334826995013
B02617,1/26/2015,1150,7608,2015-01-26,0,Monday,0,1,2,10362.0,7775.0,10662.0,11222.285714285714,2125.8553348621595,11719.92857142857,1630.1968481555443,6.615652173913044,7608.768,6.6163200577445656
B02617,1/27/2015,596,4325,2015-01-27,1,Tuesday,0,1,2,7608.0,10015.0,11825.0,11198.42857142857,2171.438222096349,11501.785714285714,1954.690185113801,7.256711409395973,4323.2437,7.253764517355285
B02617,1/28/2015,1356,10862,2015-01-28,2,Wednesday,0,1,2,4325.0,10997.0,11965.0,10385.57142857143,3403.6554789002403,10966.07142857143,2732.349044722838,8.010324483775811,10859.824,8.008719925331858
B02617,1/29/2015,1474,12600,2015-01-29,3,Thursday,0,1,2,10862.0,12143.0,12539.0,10366.285714285714,3399.994103636345,10887.285714285714,2717.1899916180782,8.548168249660787,12601.366,8.549095122752714
B02617,1/30/2015,1501,14793,2015-01-30,4,Friday,0,1,2,12600.0,13121.0,12977.0,10431.57142857143,3443.900156176757,10891.642857142857,2720.089693293301,9.855429713524318,14791.443,9.854392644487008
B02617,1/31/2015,1394,15756,2015-01-31,5,Saturday,1,1,2,14793.0,14143.0,12676.0,10670.42857142857,3709.2756191806,11021.357142857143,2866.54247931446,11.302725968436157,15757.311,11.303666102492826
B02617,2/1/2015,1355,13458,2015-02-01,6,Sunday,1,2,2,15756.0,10362.0,12879.0,10900.857142857143,3999.6865889121623,11241.357142857143,3111.062831181724,9.93210332103321,13461.782,9.934894632149447
B02617,2/2/2015,1217,12216,2015-02-02,0,Monday,0,2,2,13458.0,7608.0,7775.0,11343.142857142857,4100.086439274642,11282.714285714286,3138.2373893776607,10.037797863599014,12215.316,10.037236159613805
B02617,2/3/2015,1350,12665,2015-02-03,1,Tuesday,0,2,2,12216.0,4325.0,10015.0,12001.42857142857,3755.916659402994,11599.92857142857,2976.693505430939,9.38148148148148,12662.848,9.379887152777778
B02617,2/4/2015,1393,11959,2015-02-04,2,Wednesday,0,2,2,12665.0,10862.0,10997.0,13192.857142857143,1644.0659383138468,11789.214285714286,2952.312344810198,8.585068198133525,11958.315,8.58457676215901
B02617,2/5/2015,1524,14499,2015-02-05,3,Thursday,0,2,2,11959.0,12600.0,12143.0,13349.57142857143,1422.1644135076638,11857.92857142857,2943.637819075254,9.513779527559056,14495.188,9.51127852792815
B02617,2/6/2015,1526,15417,2015-02-06,4,Friday,0,2,2,14499.0,14793.0,13121.0,13620.857142857143,1436.3998315895374,12026.214285714286,3027.344080430682,10.102883355176932,15415.403,10.101837038212647
B02617,2/7/2015,1383,13688,2015-02-07,5,Saturday,1,2,2,15417.0,15756.0,14143.0,13710.0,1537.0996497733347,12190.214285714286,3150.883714344072,9.897324656543743,13685.357,9.895413898680404
B02617,2/8/2015,1256,11004,2015-02-08,6,Sunday,1,2,2,13688.0,13458.0,10362.0,13414.57142857143,1250.298212046869,12157.714285714286,3131.4789926357,8.761146496815286,11005.304,8.762184483230493
B02617,2/9/2015,1312,10887,2015-02-09,0,Monday,0,2,2,11004.0,12216.0,7608.0,13064.0,1545.3230514469496,12203.57142857143,3107.770848751829,8.298018292682928,10886.542,8.297669201362424
B02617,2/10/2015,1364,11401,2015-02-10,1,Tuesday,0,2,2,10887.0,12665.0,4325.0,12874.142857142857,1736.6656201440896,12437.785714285714,2847.4443380410044,8.35850439882698,11404.57,8.361121929985337
B02617,2/11/2015,1450,12749,2015-02-11,2,Wednesday,0,2,2,11401.0,11959.0,10862.0,12693.57142857143,1825.477641344204,12943.214285714286,1688.9785342066998,8.792413793103448,12744.584,8.789368265086207
B02617,2/12/2015,1532,14263,2015-02-12,3,Thursday,0,2,2,12749.0,14499.0,12600.0,12806.42857142857,1796.6882364638552,13078.0,1582.0229503343626,9.310052219321149,14264.018,9.310716434807441
B02617,2/13/2015,1590,16996,2015-02-13,4,Friday,0,2,2,14263.0,15417.0,14793.0,12772.714285714286,1761.5039705022575,13196.785714285714,1605.6284740572223,10.68930817610063,16995.83,10.689201306996855
B02617,2/14/2015,1486,16999,2015-02-14,5,Saturday,1,2,2,16996.0,13688.0,15756.0,12998.285714285714,2202.4643556923274,13354.142857142857,1861.6375693352531,11.43943472409152,16996.678,11.4378719612214
B02617,2/15/2015,1293,14662,2015-02-15,6,Sunday,1,2,2,16999.0,11004.0,13458.0,13471.285714285714,2679.2101270266,13442.92857142857,2008.8215628643088,11.33952049497293,14663.403,11.340605816173627
B02617,2/16/2015,1214,11824,2015-02-16,0,Monday,0,2,2,14662.0,10887.0,12216.0,13993.857142857143,2466.027063150456,13528.92857142857,2035.1166462235765,9.739703459637562,11823.673,9.739433979870263
B02617,2/17/2015,1378,12524,2015-02-17,1,Tuesday,0,2,2,11824.0,11401.0,12665.0,14127.714285714286,2288.30473744835,13500.92857142857,2057.147407465977,9.088534107402031,12523.288,9.088017478909652
B02617,2/18/2015,1394,12016,2015-02-18,2,Wednesday,0,2,2,12524.0,12749.0,11959.0,14288.142857142857,2096.616276175447,13490.857142857143,2061.894455895544,8.619799139167862,12018.963,8.621924598726686
B02617,2/19/2015,1452,14750,2015-02-19,3,Thursday,0,2,2,12016.0,14263.0,14499.0,14183.42857142857,2201.958057210508,13494.92857142857,2058.690751397631,10.158402203856747,14563.431,10.029910925662879
B02617,2/20/2015,1574,16856,2015-02-20,4,Friday,0,2,2,14750.0,16996.0,15417.0,14253.0,2212.5590764240974,13512.857142857143,2069.173817182674,10.709021601016518,16247.885,10.322671388580051
B02617,2/21/2015,1443,16098,2015-02-21,5,Saturday,1,2,2,16856.0,16999.0,13688.0,14233.0,2184.081271381628,13615.642857142857,2202.484247988484,11.155925155925155,15684.337,10.869256350701663
B02617,2/22/2015,1248,10696,2015-02-22,6,Sunday,1,2,2,16098.0,14662.0,11004.0,14104.285714285714,2013.817412634164,13787.785714285714,2300.5714400012635,8.570512820512821,11152.436,8.936246431790865
B02617,2/23/2015,1332,11720,2015-02-23,0,Monday,0,2,2,10696.0,11824.0,10887.0,13537.714285714286,2359.064342367234,13765.785714285714,2330.5178750514024,8.7987987987988,11787.424,8.849417288382131
B02617,2/24/2015,1456,13719,2015-02-24,1,Tuesday,0,2,2,11720.0,12524.0,11401.0,13522.857142857143,2371.948244838082,13825.285714285714,2260.9620970718734,9.42239010989011,13066.967,8.97456510774382
B02617,2/25/2015,1473,12811,2015-02-25,2,Wednesday,0,2,2,13719.0,12016.0,12749.0,13693.57142857143,2330.721766402188,13990.857142857143,2152.023836626034,8.697216564833672,12521.089,8.500399774058044
B02617,2/26/2015,1539,14461,2015-02-26,3,Thursday,0,2,2,12811.0,14750.0,14263.0,13807.142857142857,2253.441104072568,13995.285714285714,2149.33379404917,9.396361273554255,14362.449,9.33232567820013
B02617,2/27/2015,1551,14677,2015-02-27,4,Friday,0,2,2,14461.0,16856.0,16996.0,13765.857142857143,2235.866679729316,14009.42857142857,2151.8808129092736,9.462927143778208,15044.279,9.699728753626692
B02617,2/28/2015,1372,14022,2015-02-28,5,Saturday,1,2,2,14677.0,16098.0,16999.0,13454.57142857143,1852.813433416219,13843.785714285714,1987.2594263136775,10.2201166180758,14759.946,10.75797834479774
B02682,1/8/2015,1135,10416,2015-01-08,3,Thursday,0,1,3,9078.0,7679.0,,7056.714285714285,1361.837693986293,,,9.177092511013216,10412.768,9.17424456222467
B02682,1/9/2015,1140,10477,2015-01-09,4,Friday,0,1,3,10416.0,5506.0,,7447.714285714285,1868.8234011703469,,,9.190350877192982,10478.959,9.192069284539473
B02682,1/10/2015,1057,11629,2015-01-10,5,Saturday,1,1,3,10477.0,8010.0,,8157.857142857143,1950.692306897855,,,11.001892147587512,11630.63,11.00343413700331
B02682,1/11/2015,943,8461,2015-01-11,6,Sunday,1,1,3,11629.0,5621.0,,8674.857142857143,2344.7512610489143,,,8.972428419936373,8461.2,8.972640716132025
B02682,1/12/2015,1082,9107,2015-01-12,0,Monday,0,1,3,8461.0,6012.0,,9080.57142857143,1938.840448751336,,,8.416820702402957,9102.035,8.412232122227357
B02682,1/13/2015,1092,9629,2015-01-13,1,Tuesday,0,1,3,9107.0,7491.0,,9522.714285714286,1400.63970078981,,,8.817765567765568,9628.509,8.817315740899724
B02682,1/14/2015,1174,9762,2015-01-14,2,Wednesday,0,1,3,9629.0,9078.0,,9828.142857142857,1080.214242418515,,,8.315161839863714,9766.473,8.318971598168654
B02682,1/15/2015,1208,10391,2015-01-15,3,Thursday,0,1,3,9762.0,10416.0,7679.0,9925.857142857143,1030.8573177330634,8491.285714285714,1887.520654133411,8.60182119205298,10392.689,8.603219745964404
B02682,1/16/2015,1250,11280,2015-01-16,4,Friday,0,1,3,10391.0,10477.0,5506.0,9922.285714285714,1028.9176698981155,8685.0,1936.279104166228,9.024,11277.86,9.02228828125
B02682,1/17/2015,1137,11382,2015-01-17,5,Saturday,1,1,3,11280.0,11629.0,8010.0,10037.0,1139.853353140948,9097.42857142857,1818.4084213435624,10.010554089709762,11381.475,10.010092004727353
B02682,1/18/2015,1056,11161,2015-01-18,6,Sunday,1,1,3,11382.0,8461.0,5621.0,10001.714285714286,1084.8532487984576,9338.285714285714,1885.37926927475,10.569128787878787,11162.994,10.571017178622158
B02682,1/19/2015,883,7028,2015-01-19,0,Monday,0,1,3,11161.0,9107.0,6012.0,10387.42857142857,911.971647428955,9734.0,1605.814722524652,7.959229898074745,7025.528,7.956430160850792
B02682,1/20/2015,1151,8496,2015-01-20,1,Tuesday,0,1,3,7028.0,9629.0,7491.0,10090.42857142857,1528.5588918043954,9806.57142857143,1438.9566580464698,7.3814074717636835,8487.967,7.374428146720243
B02682,1/21/2015,1228,9472,2015-01-21,2,Wednesday,0,1,3,8496.0,9762.0,9078.0,9928.57142857143,1641.384360546796,9878.357142857143,1335.9333589518756,7.713355048859935,9480.293,7.720108280741043
B02682,1/22/2015,1295,10699,2015-01-22,3,Thursday,0,1,3,9472.0,10391.0,10416.0,9887.142857142857,1649.9269103580937,9906.5,1321.8518333121797,8.261776061776061,10694.131,8.258016107625483
B02682,1/23/2015,1330,11767,2015-01-23,4,Friday,0,1,3,10699.0,11280.0,10477.0,9931.142857142857,1669.592807500421,9926.714285714286,1332.3647241809429,8.847368421052632,11767.437,8.847696634163533
B02682,1/24/2015,1223,13355,2015-01-24,5,Saturday,1,1,3,11767.0,11382.0,11629.0,10000.714285714286,1743.6702396846429,10018.857142857143,1415.3694194119769,10.919869174161898,13358.041,10.922355695523303
B02682,1/25/2015,1046,9303,2015-01-25,6,Sunday,1,1,3,13355.0,11161.0,8461.0,10282.57142857143,2122.4786498449434,10142.142857142857,1625.9202297181116,8.893881453154876,9302.784,8.893675123984226
B02682,1/26/2015,1084,7565,2015-01-26,0,Monday,0,1,3,9303.0,7028.0,9107.0,10017.142857142857,2110.460094274186,10202.285714285714,1573.6849175677526,6.978782287822878,7564.0215,6.977879598131919
B02682,1/27/2015,600,4414,2015-01-27,1,Tuesday,0,1,3,7565.0,8496.0,9629.0,10093.857142857143,1990.0203037968745,10092.142857142857,1704.7463089920393,7.356666666666666,4418.6865,7.3644775390625
B02682,1/28/2015,1235,10025,2015-01-28,2,Wednesday,0,1,3,4414.0,9472.0,9762.0,9510.714285714286,2917.9994696301605,9719.642857142857,2284.804270598481,8.117408906882591,10026.05,8.118258951163968
B02682,1/29/2015,1316,11485,2015-01-29,3,Thursday,0,1,3,10025.0,10699.0,10391.0,9589.714285714286,2924.255729485464,9738.42857142857,2286.2600536612263,8.727203647416413,11486.678,8.72847852156155
B02682,1/30/2015,1384,13852,2015-01-30,4,Friday,0,1,3,11485.0,11767.0,11280.0,9702.0,2988.3374976732453,9816.57142857143,2328.584572200484,10.008670520231211,13854.089,10.01017981733201
B02682,1/31/2015,1321,15388,2015-01-31,5,Saturday,1,1,3,13852.0,13355.0,11382.0,9999.857142857143,3314.5690734780496,10000.285714285714,2544.383359739386,11.64875094625284,15383.354,11.645233547028766
B02682,2/1/2015,1214,12436,2015-02-01,6,Sunday,1,2,3,15388.0,9303.0,11161.0,10290.285714285714,3721.623020237528,10286.42857142857,2910.624694097491,10.243822075782536,12431.031,10.239729200988467
B02682,2/2/2015,1152,11981,2015-02-02,0,Monday,0,2,3,12436.0,7565.0,7028.0,10737.857142857143,3771.162129837937,10377.5,2959.6288163837767,10.40017361111111,11982.18,10.401197645399305
B02682,2/3/2015,1269,11955,2015-02-03,1,Tuesday,0,2,3,11981.0,4414.0,8496.0,11368.714285714286,3512.418431521968,10731.285714285714,2821.238092332226,9.42080378250591,11957.9,9.42308935431442
B02682,2/4/2015,1311,11309,2015-02-04,2,Wednesday,0,2,3,11955.0,10025.0,9472.0,12446.0,1725.995751250085,10978.357142857143,2761.2476446246296,8.626239511823035,11310.363,8.627279390732266
B02682,2/5/2015,1418,13782,2015-02-05,3,Thursday,0,2,3,11309.0,11485.0,10699.0,12629.42857142857,1475.938894076456,11109.57142857143,2727.6014178221685,9.71932299012694,13782.263,9.719508247752115
B02682,2/6/2015,1414,14375,2015-02-06,4,Friday,0,2,3,13782.0,13852.0,11767.0,12957.57142857143,1433.8371429074386,11329.785714285714,2814.958783099579,10.166195190947668,14376.686,10.167387232584865
B02682,2/7/2015,1300,13450,2015-02-07,5,Saturday,1,2,3,14375.0,15388.0,13355.0,13032.285714285714,1500.2977164867154,11516.07142857143,2930.059712289569,10.346153846153848,13454.32,10.349477163461538
B02682,2/8/2015,1136,10356,2015-02-08,6,Sunday,1,2,3,13450.0,12436.0,9303.0,12755.42857142857,1125.011534332411,11522.857142857143,2934.752324948601,9.116197183098592,10354.953,9.115275638204226
B02682,2/9/2015,1241,10209,2015-02-09,0,Monday,0,2,3,10356.0,11981.0,7565.0,12458.285714285714,1450.9233513278996,11598.07142857143,2886.581887718675,8.226430298146656,10208.802,8.226270554240532
B02682,2/10/2015,1281,10536,2015-02-10,1,Tuesday,0,2,3,10209.0,11955.0,4414.0,12205.142857142857,1683.9431333006726,11786.92857142857,2681.634560782366,8.224824355971897,10535.032,8.224068873194769
B02682,2/11/2015,1396,12189,2015-02-11,2,Wednesday,0,2,3,10536.0,11309.0,10025.0,12002.42857142857,1800.453725883459,12224.214285714286,1709.9890768239309,8.73137535816619,12186.455,8.729552348227077
B02682,2/12/2015,1468,13786,2015-02-12,3,Thursday,0,2,3,12189.0,13782.0,11485.0,12128.142857142857,1774.501754349791,12378.785714285714,1589.4609235437483,9.39100817438692,13787.147,9.391789823526908
B02682,2/13/2015,1523,16088,2015-02-13,4,Friday,0,2,3,13786.0,14375.0,13852.0,12128.714285714286,1775.123630838685,12543.142857142857,1608.7795592714651,10.563361785948786,16087.582,10.563087348161524
B02682,2/14/2015,1428,16448,2015-02-14,5,Saturday,1,2,3,16088.0,13450.0,15388.0,12373.42857142857,2202.9272841035017,12702.857142857143,1842.699017834896,11.518207282913163,16453.176,11.521831779586835
B02682,2/15/2015,1261,14517,2015-02-15,6,Sunday,1,2,3,16448.0,10356.0,12436.0,12801.714285714286,2685.655023408986,12778.57142857143,1978.302719088176,11.51229183187946,14515.451,11.51106357801348
B02682,2/16/2015,1164,11323,2015-02-16,0,Monday,0,2,3,14517.0,10209.0,11981.0,13396.142857142857,2508.775493381282,12927.214285714286,2028.1350728258703,9.72766323024055,11327.176,9.731250671176976
B02682,2/17/2015,1314,11887,2015-02-17,1,Tuesday,0,2,3,11323.0,10536.0,11955.0,13555.285714285714,2299.510217001711,12880.214285714286,2059.136681628104,9.04642313546423,11882.508,9.043004423515981
B02682,2/18/2015,1314,11724,2015-02-18,2,Wednesday,0,2,3,11887.0,12189.0,11309.0,13748.285714285714,2046.6570885459196,12875.357142857143,2061.5657457805823,8.922374429223744,11726.316,8.924137295471843
B02682,2/19/2015,1428,14591,2015-02-19,3,Thursday,0,2,3,11724.0,13786.0,13782.0,13681.857142857143,2112.1988091853077,12905.0,2040.1836267280587,10.217787114845938,14492.459,10.148780801383053
B02682,2/20/2015,1497,16342,2015-02-20,4,Friday,0,2,3,14591.0,16088.0,14375.0,13796.857142857143,2140.538205574437,12962.785714285714,2078.040096547025,10.916499665998664,15935.479,10.644942228206412
B02682,2/21/2015,1374,16149,2015-02-21,5,Saturday,1,2,3,16342.0,16448.0,13450.0,13833.142857142857,2187.488013572607,13103.285714285714,2240.9756607531326,11.753275109170303,15247.196,11.096940530613173
B02682,2/22/2015,1220,10970,2015-02-22,6,Sunday,1,2,3,16149.0,14517.0,10356.0,13790.42857142857,2130.084807164801,13296.07142857143,2384.589481337516,8.991803278688524,11531.357,9.451932313012295
B02682,2/23/2015,1262,11714,2015-02-23,0,Monday,0,2,3,10970.0,11323.0,10209.0,13283.714285714286,2339.9844525328062,13339.92857142857,2331.409790210665,9.282091917591126,11765.384,9.322808073742076
B02682,2/24/2015,1346,12497,2015-02-24,1,Tuesday,0,2,3,11714.0,11887.0,10536.0,13339.57142857143,2289.502337273533,13447.42857142857,2207.335209086911,9.284546805349184,12553.94,9.326850244938708
B02682,2/25/2015,1395,12693,2015-02-25,2,Wednesday,0,2,3,12497.0,11724.0,12189.0,13426.714285714286,2235.9834312360017,13587.5,2066.071923314318,9.098924731182796,12916.425,9.259085881496416
B02682,2/26/2015,1465,13814,2015-02-26,3,Thursday,0,2,3,12693.0,14591.0,13786.0,13565.142857142857,2140.9769910464934,13623.5,2044.103630896973,9.429351535836178,14087.445,9.616003626279863
B02682,2/27/2015,1510,14975,2015-02-27,4,Friday,0,2,3,13814.0,16342.0,16088.0,13454.142857142857,2098.6501557407078,13625.5,2044.288544664424,9.917218543046358,15496.455,10.26255303187086
B02682,2/28/2015,1386,14472,2015-02-28,5,Saturday,1,2,3,14975.0,16149.0,16448.0,13258.857142857143,1831.771767858602,13546.0,1961.107693273222,10.441558441558442,15510.1455,11.190581174467892
B02764,1/8/2015,3831,33802,2015-01-08,3,Thursday,0,1,4,29949.0,29421.0,,25105.85714285714,4637.816958748711,,,8.823283737927435,33805.746,8.824261574980422
B02764,1/9/2015,3820,33517,2015-01-09,4,Friday,0,1,4,33802.0,19974.0,,25731.714285714286,5527.456308112733,,,8.774083769633508,33517.98,8.77434043684555
B02764,1/10/2015,3558,38864,2015-01-10,5,Saturday,1,1,4,33517.0,29729.0,,27666.42857142857,5546.383261704358,,,10.922990444069702,38861.41,10.92226255094154
B02764,1/11/2015,3186,27681,2015-01-11,6,Sunday,1,1,4,38864.0,20441.0,,28971.42857142857,6997.43326411294,,,8.688323917137476,27680.754,8.688246674905837
B02764,1/12/2015,3499,26852,2015-01-12,0,Monday,0,1,4,27681.0,20926.0,,30005.714285714286,5988.783953199115,,,7.674192626464704,26850.0,7.673621034581309
B02764,1/13/2015,3658,29983,2015-01-13,1,Tuesday,0,1,4,26852.0,25301.0,,30852.285714285717,4790.28738575205,,,8.196555494805905,29982.262,8.196353668329689
B02764,1/14/2015,3736,29550,2015-01-14,2,Wednesday,0,1,4,29983.0,29949.0,,31521.14285714286,4173.096669084457,,,7.909528907922912,29549.518,7.909399780012045
B02764,1/15/2015,3840,31214,2015-01-15,3,Thursday,0,1,4,29550.0,33802.0,29421.0,31464.14285714286,4200.782523473905,28285.0,5381.112338541167,8.128645833333334,31216.207,8.129220581054687
B02764,1/16/2015,3975,34822,2015-01-16,4,Friday,0,1,4,31214.0,33517.0,19974.0,31094.42857142857,4072.665337635899,28413.071428571428,5431.331632500247,8.760251572327045,34822.49,8.76037441037736
B02764,1/17/2015,3657,36318,2015-01-17,5,Saturday,1,1,4,34822.0,38864.0,29729.0,31280.85714285714,4228.913667778498,29473.64285714286,5096.007465988113,9.931091058244462,36319.117,9.93139655113481
B02764,1/18/2015,3290,35182,2015-01-18,6,Sunday,1,1,4,36318.0,27681.0,20441.0,30917.14285714286,3517.693393336576,29944.285714285717,5415.645063198792,10.693617021276596,35180.035,10.693019804331307
B02764,1/19/2015,2958,22750,2015-01-19,0,Monday,0,1,4,35182.0,26852.0,20926.0,31988.714285714286,3510.0695488971746,30997.214285714286,4826.845923160802,7.691007437457742,22748.883,7.690629754056795
B02764,1/20/2015,3654,26137,2015-01-20,1,Tuesday,0,1,4,22750.0,29983.0,25301.0,31402.714285714286,4663.4709074638695,31127.5,4550.818062553318,7.152983032293377,26138.42,7.1533716261289
B02764,1/21/2015,3718,27344,2015-01-21,2,Wednesday,0,1,4,26137.0,29550.0,29949.0,30853.285714285717,5067.655957616094,31187.214285714286,4473.308467214969,7.35449166218397,27343.521,7.35436295975659
B02764,1/22/2015,3889,30091,2015-01-22,3,Thursday,0,1,4,27344.0,31214.0,33802.0,30538.14285714286,5228.258933544747,31001.14285714286,4581.641943790336,7.737464643867318,30092.223,7.737779032206222
B02764,1/23/2015,4040,33756,2015-01-23,4,Friday,0,1,4,30091.0,34822.0,33517.0,30377.714285714286,5221.288816447706,30736.071428571428,4513.983716685904,8.355445544554456,33750.883,8.354178913985148
B02764,1/24/2015,3652,39187,2015-01-24,5,Saturday,1,1,4,33756.0,36318.0,38864.0,30225.42857142857,5083.796870356604,30753.14285714286,4525.746531825403,10.7302847754655,39189.03,10.73084097754655
B02764,1/25/2015,3300,28066,2015-01-25,6,Sunday,1,1,4,39187.0,35182.0,27681.0,30635.285714285717,5731.2651225328855,30776.214285714286,4570.87310593386,8.504848484848484,28067.076,8.505174597537879
B02764,1/26/2015,3012,19940,2015-01-26,0,Monday,0,1,4,28066.0,22750.0,26852.0,29618.714285714286,5412.625601753912,30803.714285714286,4551.937667353599,6.620185922974768,19939.33,6.619963505353586
B02764,1/27/2015,1619,11998,2015-01-27,1,Tuesday,0,1,4,19940.0,26137.0,29983.0,29217.285714285717,6071.097586496357,30310.0,5323.051929687877,7.410747374922792,12004.424,7.414715150169858
B02764,1/28/2015,3692,28137,2015-01-28,2,Wednesday,0,1,4,11998.0,27344.0,29550.0,27197.42857142857,8940.60247517177,29025.35714285714,7234.913094019995,7.621072589382448,28131.393,7.6195537860576925
B02764,1/29/2015,3959,31637,2015-01-29,3,Thursday,0,1,4,28137.0,30091.0,31214.0,27310.714285714286,8947.790336432894,28924.42857142857,7236.886779806373,7.991159383682748,31637.654,7.991324651900732
B02764,1/30/2015,4124,39110,2015-01-30,4,Friday,0,1,4,31637.0,33756.0,34822.0,27531.571428571428,9046.389940323208,28954.64285714286,7248.055544097993,9.483511154219205,39109.49,9.483387071108147
B02764,1/31/2015,3947,44297,2015-01-31,5,Saturday,1,1,4,39110.0,39187.0,36318.0,28296.42857142857,9850.926163854558,29260.92857142857,7597.256918573517,11.222954142386625,44296.61,11.222855174816317
B02764,2/1/2015,3740,37468,2015-02-01,6,Sunday,1,2,4,44297.0,28066.0,35182.0,29026.42857142857,10923.429846849736,29830.85714285714,8421.91185911117,10.018181818181818,37468.05,10.01819539605615
B02764,2/2/2015,3270,30761,2015-02-02,0,Monday,0,2,4,37468.0,19940.0,22750.0,30369.571428571428,11355.155904656158,29994.14285714286,8554.754601139315,9.40703363914373,30762.572,9.407514454319571
B02764,2/3/2015,3674,31641,2015-02-03,1,Tuesday,0,2,4,30761.0,11998.0,26137.0,31915.42857142857,10394.605409492351,30566.35714285714,8296.969776853593,8.61213935764834,31639.123,8.611628483090637
B02764,2/4/2015,3856,29994,2015-02-04,2,Wednesday,0,2,4,31641.0,28137.0,27344.0,34721.57142857143,5723.303470815404,30959.5,8200.78791477239,7.778526970954357,29996.656,7.779215832468879
B02764,2/5/2015,4093,35990,2015-02-05,3,Thursday,0,2,4,29994.0,31637.0,30091.0,34986.857142857145,5401.202502794216,31148.785714285717,8141.284789728983,8.793061324212069,35989.758,8.79300215306621
B02764,2/6/2015,4170,38693,2015-02-06,4,Friday,0,2,4,35990.0,39110.0,33756.0,35608.71428571428,5198.008263244868,31570.14285714286,8234.44731560088,9.278896882494005,38692.88,9.27886784322542
B02764,2/7/2015,3849,38530,2015-02-07,5,Saturday,1,2,4,38693.0,44297.0,39187.0,35549.142857142855,5153.392327020184,31922.785714285717,8438.445529275483,10.010392309690827,38533.71,10.01135643998441
B02764,2/8/2015,3422,29692,2015-02-08,6,Sunday,1,2,4,38530.0,37468.0,28066.0,34725.28571428572,3806.880512715795,31875.85714285714,8396.663062991543,8.676797194623028,29689.148,8.675963891729982
B02764,2/9/2015,3543,28266,2015-02-09,0,Monday,0,2,4,29692.0,30761.0,19940.0,33614.42857142857,4002.655237761678,31992.0,8351.032778138187,7.977984758679086,28266.049,7.977998540255434
B02764,2/10/2015,3700,29124,2015-02-10,1,Tuesday,0,2,4,28266.0,31641.0,11998.0,33258.0,4391.314116146408,32586.714285714286,7697.639552571853,7.871351351351351,29125.158,7.871664379222973
B02764,2/11/2015,3849,31889,2015-02-11,2,Wednesday,0,2,4,29124.0,29994.0,28137.0,32898.42857142857,4641.696236547691,33810.0,5094.814513117904,8.285009093270979,31884.816,8.283922163224213
B02764,2/12/2015,4137,36844,2015-02-12,3,Thursday,0,2,4,31889.0,35990.0,31637.0,33169.142857142855,4497.078697279363,34078.0,4867.036138064999,8.905970510031423,36847.46,8.90680709149142
B02764,2/13/2015,4395,43561,2015-02-13,4,Friday,0,2,4,36844.0,38693.0,39110.0,33291.142857142855,4596.836826506228,34449.92857142857,4865.104733860151,9.911490329920364,43559.41,9.9111285907281
B02764,2/14/2015,4129,45858,2015-02-14,5,Saturday,1,2,4,43561.0,38530.0,44297.0,33986.57142857143,5769.026661322312,34767.857142857145,5317.463462058722,11.10632114313393,45854.996,11.105593628905304
B02764,2/15/2015,3651,41209,2015-02-15,6,Sunday,1,2,4,45858.0,29692.0,37468.0,35033.42857142857,7214.646164969863,34879.357142857145,5544.179784063811,11.287044645302656,41210.625,11.287489728841413
B02764,2/16/2015,3524,33448,2015-02-16,0,Monday,0,2,4,41209.0,28266.0,30761.0,36678.71428571428,7105.922218222535,35146.57142857143,5764.324908291646,9.491486946651532,33447.723,9.491408245246879
B02764,2/17/2015,3826,32473,2015-02-17,1,Tuesday,0,2,4,33448.0,29124.0,31641.0,37419.0,6308.623410327601,35338.5,5650.683672046977,8.487454260324098,32474.611,8.487875412473864
B02764,2/18/2015,3842,32317,2015-02-18,2,Wednesday,0,2,4,32473.0,31889.0,29994.0,37897.42857142857,5669.303450958305,35397.92857142857,5613.05536521482,8.41150442477876,32315.25,8.411048932847475
B02764,2/19/2015,4110,39110,2015-02-19,3,Thursday,0,2,4,32317.0,36844.0,35990.0,37958.57142857143,5595.5310995216905,35563.857142857145,5473.624180589083,9.51581508515815,39388.39,9.583550030413626
B02764,2/20/2015,4384,44755,2015-02-20,4,Friday,0,2,4,39110.0,43561.0,38693.0,38282.28571428572,5585.842094506614,35786.71428571428,5555.215974871936,10.208713503649635,42758.82,9.753380545734489
B02764,2/21/2015,3981,44194,2015-02-21,5,Saturday,1,2,4,44755.0,45858.0,38530.0,38452.857142857145,5788.45596650701,36219.71428571428,6016.28766738286,11.101230846520975,42917.734,10.78064164154735
B02764,2/22/2015,3478,30157,2015-02-22,6,Sunday,1,2,4,44194.0,41209.0,29692.0,38215.142857142855,5458.424053044731,36624.28571428572,6363.989102497197,8.670787809085681,29633.293,8.52021074432145
B02764,2/23/2015,3734,31173,2015-02-23,0,Monday,0,2,4,30157.0,33448.0,28266.0,36636.28571428572,6017.852820685187,36657.5,6326.126530872993,8.34841992501339,31357.715,8.397888281668452
B02764,2/24/2015,3965,34686,2015-02-24,1,Tuesday,0,2,4,31173.0,32473.0,29124.0,36311.28571428572,6274.688112150435,36865.142857142855,6072.113114092114,8.748045397225725,34537.82,8.710673470996216
B02764,2/25/2015,3934,31957,2015-02-25,2,Wednesday,0,2,4,34686.0,32317.0,31889.0,36627.42857142857,6102.455212375402,37262.42857142857,5697.036459211241,8.123284189120488,32372.248,8.228837836012964
B02764,2/26/2015,4101,36091,2015-02-26,3,Thursday,0,2,4,31957.0,39110.0,36844.0,36576.0,6146.196005118404,37267.28571428572,5692.129686999947,8.800536454523288,39624.754,9.662217485064618
B02764,2/27/2015,4253,38780,2015-02-27,4,Friday,0,2,4,36091.0,44755.0,43561.0,36144.71428571428,6043.817356447439,37213.5,5699.989213889906,9.118269456853984,40573.72,9.540023218904302
B02764,2/28/2015,3952,39812,2015-02-28,5,Saturday,1,2,4,38780.0,44194.0,45858.0,35291.142857142855,4947.625539204692,36872.0,5427.131669109006,10.073886639676113,42881.55,10.850594833312247
B02765,1/8/2015,262,1911,2015-01-08,3,Thursday,0,1,5,1704.0,1765.0,,1356.857142857143,322.8009854236448,,,7.293893129770993,1912.6924,7.30035260615458
B02765,1/9/2015,280,2039,2015-01-09,4,Friday,0,1,5,1911.0,1001.0,,1377.7142857142858,356.52289046928166,,,7.2821428571428575,2035.4563,7.269486781529018
B02765,1/10/2015,245,2202,2015-01-10,5,Saturday,1,1,5,2039.0,1526.0,,1526.0,388.1829465599951,,,8.987755102040817,2202.0376,8.987908561862245
B02765,1/11/2015,220,1672,2015-01-11,6,Sunday,1,1,5,2202.0,993.0,,1622.571428571429,464.7238811534067,,,7.6,1670.7546,7.594339266690341
B02765,1/12/2015,279,1711,2015-01-12,0,Monday,0,1,5,1672.0,1133.0,,1719.571428571429,373.2804384297223,,,6.132616487455197,1710.7582,6.131749744483647
B02765,1/13/2015,258,1697,2015-01-13,1,Tuesday,0,1,5,1711.0,1376.0,,1802.142857142857,272.12462131128353,,,6.577519379844961,1701.0184,6.593094700066618
B02765,1/14/2015,271,1600,2015-01-14,2,Wednesday,0,1,5,1697.0,1704.0,,1848.0,207.7851454427544,,,5.904059040590406,1602.0383,5.9115805537938195
B02765,1/15/2015,270,1797,2015-01-15,3,Thursday,0,1,5,1600.0,1911.0,1765.0,1833.142857142857,222.9614529998615,1595.0,363.4706632961223,6.655555555555556,1796.6578,6.654288284866898
B02765,1/16/2015,290,2082,2015-01-16,4,Friday,0,1,5,1797.0,2039.0,1001.0,1816.857142857143,220.4763241797392,1597.2857142857142,364.7204258209142,7.179310344827586,2083.1519,7.183282260237069
B02765,1/17/2015,252,2160,2015-01-17,5,Saturday,1,1,5,2082.0,2202.0,1526.0,1823.0,228.16222299057296,1674.5,342.5240586721329,8.571428571428571,2160.7646,8.574462890625
B02765,1/18/2015,248,2287,2015-01-18,6,Sunday,1,1,5,2160.0,1672.0,993.0,1817.0,216.80405900259325,1719.7857142857142,362.6974111954924,9.221774193548388,2285.1885,9.214469663558468
B02765,1/19/2015,238,1568,2015-01-19,0,Monday,0,1,5,2287.0,1711.0,1133.0,1904.857142857143,267.04146280520325,1812.2142857142856,326.290851511684,6.588235294117647,1567.8561,6.587630584460347
B02765,1/20/2015,272,1608,2015-01-20,1,Tuesday,0,1,5,1568.0,1697.0,1376.0,1884.4285714285716,288.9168606726722,1843.2857142857144,272.99575329788803,5.911764705882353,1608.3276,5.912969252642463
B02765,1/21/2015,296,1774,2015-01-21,2,Wednesday,0,1,5,1608.0,1600.0,1704.0,1871.7142857142856,300.2747154888414,1859.857142857143,248.3802473079276,5.993243243243243,1773.371,5.991118147566512
B02765,1/22/2015,295,2038,2015-01-22,3,Thursday,0,1,5,1774.0,1797.0,1911.0,1896.571428571429,280.58977003379675,1864.857142857143,245.6914441210473,6.908474576271186,2034.3973,6.896262165651483
B02765,1/23/2015,299,2162,2015-01-23,4,Friday,0,1,5,2038.0,2082.0,2039.0,1931.0,281.1209704024228,1873.9285714285716,249.83578122922583,7.230769230769231,2165.02,7.240869630539297
B02765,1/24/2015,245,2376,2015-01-24,5,Saturday,1,1,5,2162.0,2160.0,2202.0,1942.4285714285716,289.77569321969065,1882.7142857142856,258.112804370918,9.69795918367347,2376.3337,9.699321388711734
B02765,1/25/2015,226,1755,2015-01-25,6,Sunday,1,1,5,2376.0,2287.0,1672.0,1973.2857142857144,326.0371728733366,1895.142857142857,278.0860014021277,7.765486725663717,1754.6327,7.763861462078263
B02765,1/26/2015,230,1363,2015-01-26,0,Monday,0,1,5,1755.0,1568.0,1711.0,1897.2857142857144,301.8281598778318,1901.071428571429,273.814778576747,5.926086956521739,1361.1731,5.918143894361413
B02765,1/27/2015,135,921,2015-01-27,1,Tuesday,0,1,5,1363.0,1608.0,1697.0,1868.0,345.83955817690946,1876.2142857142856,306.26940844532703,6.822222222222222,920.9095,6.821551739728009
B02765,1/28/2015,286,1913,2015-01-28,2,Wednesday,0,1,5,921.0,1774.0,1600.0,1769.857142857143,496.5572906091933,1820.7857142857144,397.75488752427736,6.688811188811189,1912.8422,6.688259311489292
B02765,1/29/2015,295,2086,2015-01-29,3,Thursday,0,1,5,1913.0,2038.0,1797.0,1789.7142857142858,499.52100866253664,1843.142857142857,393.16034253858174,7.071186440677966,2081.4272,7.055685579978814
B02765,1/30/2015,322,2785,2015-01-30,4,Friday,0,1,5,2086.0,2162.0,2082.0,1796.571428571429,503.8084481039915,1863.7857142857144,398.1070939354865,8.649068322981366,2784.252,8.646745196040373
B02765,1/31/2015,309,3282,2015-01-31,5,Saturday,1,1,5,2785.0,2376.0,2160.0,1885.571428571429,620.6104137978073,1914.0,466.2516652888389,10.62135922330097,3283.9255,10.627590734981796
B02765,2/1/2015,289,2672,2015-02-01,6,Sunday,1,2,5,3282.0,1755.0,2287.0,2015.0,806.5537799799837,1994.142857142857,591.417184155386,9.245674740484429,2673.72,9.251626196204585
B02765,2/2/2015,275,2607,2015-02-02,0,Monday,0,2,5,2672.0,1363.0,1568.0,2146.0,831.3739631878462,2021.642857142857,614.5794818902107,9.48,2606.3916,9.477787642045454
B02765,2/3/2015,299,2410,2015-02-03,1,Tuesday,0,2,5,2607.0,921.0,1608.0,2323.714285714286,766.5345641882288,2095.8571428571427,618.3069759298506,8.060200668896321,2410.693,8.062518780048077
B02765,2/4/2015,309,2334,2015-02-04,2,Wednesday,0,2,5,2410.0,1913.0,1774.0,2536.428571428572,456.17206444602914,2153.1428571428573,606.6733828070866,7.553398058252427,2338.1133,7.566709648058253
B02765,2/5/2015,355,3011,2015-02-05,3,Thursday,0,2,5,2334.0,2086.0,2038.0,2596.5714285714284,382.00168286839454,2193.1428571428573,598.1538079975572,8.481690140845071,3007.2314,8.471074493838028
B02765,2/6/2015,385,3569,2015-02-06,4,Friday,0,2,5,3011.0,2785.0,2162.0,2728.714285714286,332.7630359508667,2262.6428571428573,634.1827699601167,9.27012987012987,3566.879,9.264620535714286
B02765,2/7/2015,345,3473,2015-02-07,5,Saturday,1,2,5,3569.0,3282.0,2376.0,2840.714285714286,461.7884487820923,2363.1428571428573,722.3613901794439,10.066666666666666,3473.298,10.067530712182972
B02765,2/8/2015,313,2623,2015-02-08,6,Sunday,1,2,5,3473.0,2672.0,1755.0,2868.0,496.5433851470916,2441.5,780.9824926630268,8.380191693290735,2627.7266,8.395292531948881
B02765,2/9/2015,388,2894,2015-02-09,0,Monday,0,2,5,2623.0,2607.0,1363.0,2861.0,500.0996567352014,2503.5,756.3567280060389,7.458762886597938,2893.526,7.457540925016108
B02765,2/10/2015,422,3432,2015-02-10,1,Tuesday,0,2,5,2894.0,2410.0,921.0,2902.0,487.4087948871388,2612.8571428571427,686.1994391790711,8.132701421800947,3429.0164,8.125631178724822
B02765,2/11/2015,450,3778,2015-02-11,2,Wednesday,0,2,5,3432.0,2334.0,1913.0,3048.0,468.1573809450544,2792.214285714286,517.3567700074382,8.395555555555555,3777.4094,8.3942431640625
B02765,2/12/2015,536,4609,2015-02-12,3,Thursday,0,2,5,3778.0,3011.0,2086.0,3254.285714285714,416.3843233863446,2925.428571428572,513.6494935243335,8.598880597014926,4618.0386,8.615743608617072
B02765,2/13/2015,599,5909,2015-02-13,4,Friday,0,2,5,4609.0,3569.0,2785.0,3482.5714285714284,639.207545101186,3105.6428571428573,626.6490377264766,9.864774624373956,5902.107,9.853267000991236
B02765,2/14/2015,583,6307,2015-02-14,5,Saturday,1,2,5,5909.0,3473.0,3282.0,3816.857142857143,1121.7081362177692,3328.785714285714,967.3062659199078,10.818181818181818,6306.8984,10.81800761149228
B02765,2/15/2015,521,5500,2015-02-15,6,Sunday,1,2,5,6307.0,2623.0,2672.0,4221.714285714285,1442.4853221998146,3544.8571428571427,1252.0080398576265,10.55662188099808,5497.98,10.552744684201055
B02765,2/16/2015,508,4875,2015-02-16,0,Monday,0,2,5,5500.0,2894.0,2607.0,4632.714285714285,1315.3113337768752,3746.857142857143,1326.2805630288549,9.596456692913383,4879.07,9.604468157910926
B02765,2/17/2015,578,4907,2015-02-17,1,Tuesday,0,2,5,4875.0,3432.0,2410.0,4915.714285714285,1068.8947117288506,3908.857142857143,1314.8055636974143,8.48961937716263,4907.7314,8.490884853481834
B02765,2/18/2015,586,5059,2015-02-18,2,Wednesday,0,2,5,4907.0,3778.0,2334.0,5126.428571428572,850.7917600962154,4087.214285714286,1264.2308807255995,8.633105802047782,5056.6816,8.629149557380545
B02765,2/19/2015,663,6447,2015-02-19,3,Thursday,0,2,5,5059.0,4609.0,3011.0,5309.428571428572,618.4582597456482,4281.857142857143,1180.542304141676,9.723981900452488,5759.1636,8.68652122808258
B02765,2/20/2015,736,7824,2015-02-20,4,Friday,0,2,5,6447.0,5909.0,3569.0,5572.0,660.278476604124,4527.285714285715,1251.070767756194,10.630434782608695,6707.959,9.11407470703125
B02765,2/21/2015,685,7658,2015-02-21,5,Saturday,1,2,5,7824.0,6307.0,3473.0,5845.571428571428,1083.962769524065,4831.214285714285,1493.6818824415304,11.17956204379562,6906.4014,10.082337762317518
B02765,2/22/2015,566,5034,2015-02-22,6,Sunday,1,2,5,7658.0,5500.0,2623.0,6038.571428571428,1281.9964712825647,5130.142857142857,1614.8128663738726,8.89399293286219,5033.389,8.892913710523409
B02765,2/23/2015,665,5823,2015-02-23,0,Monday,0,2,5,5034.0,4875.0,2894.0,5972.0,1325.9695823559937,5302.357142857143,1446.676222728017,8.756390977443608,5460.92,8.211909656954887
B02765,2/24/2015,698,6390,2015-02-24,1,Tuesday,0,2,5,5823.0,4907.0,3432.0,6107.428571428572,1240.9390069812512,5511.571428571428,1272.9563841875988,9.154727793696274,5609.5522,8.036607802426577
B02765,2/25/2015,706,6178,2015-02-25,2,Wednesday,0,2,5,6390.0,5059.0,3778.0,6319.285714285715,1122.8098257327017,5722.857142857143,1139.7526625843616,8.75070821529745,6009.107,8.511482908773017
B02765,2/26/2015,745,6744,2015-02-26,3,Thursday,0,2,5,6178.0,6447.0,4609.0,6479.142857142857,984.6296137078504,5894.285714285715,996.1744849149744,9.052348993288591,6079.1035,8.159870490771812
B02765,2/27/2015,786,7563,2015-02-27,4,Friday,0,2,5,6744.0,7824.0,5909.0,6521.571428571428,989.4011416243734,6046.785714285715,946.4587583823673,9.622137404580153,6180.9106,7.863754000675891
B02765,2/28/2015,747,7753,2015-02-28,5,Saturday,1,2,5,7563.0,7658.0,6307.0,6484.285714285715,935.5933436926,6164.928571428572,1027.6824909464078,10.378848728246318,6414.0024,8.586348649807563
