dispatching_base_number,date,active_vehicles,trips,trip_date
B02512,1/1/2015,190,1132,2015-01-01
B02765,1/1/2015,225,1765,2015-01-01
B02764,1/1/2015,3427,29421,2015-01-01
B02682,1/1/2015,945,7679,2015-01-01
B02617,1/1/2015,1228,9537,2015-01-01
B02598,1/1/2015,870,6903,2015-01-01
B02598,1/2/2015,785,4768,2015-01-02
B02617,1/2/2015,1137,7065,2015-01-02
B02512,1/2/2015,175,875,2015-01-02
B02682,1/2/2015,890,5506,2015-01-02
B02765,1/2/2015,196,1001,2015-01-02
B02764,1/2/2015,3147,19974,2015-01-02
B02765,1/3/2015,201,1526,2015-01-03
B02617,1/3/2015,1188,10664,2015-01-03
B02598,1/3/2015,818,7432,2015-01-03
B02682,1/3/2015,915,8010,2015-01-03
B02512,1/3/2015,173,1088,2015-01-03
B02764,1/3/2015,3215,29729,2015-01-03
B02512,1/4/2015,147,791,2015-01-04
B02682,1/4/2015,812,5621,2015-01-04
B02598,1/4/2015,746,5223,2015-01-04
B02765,1/4/2015,183,993,2015-01-04
B02617,1/4/2015,1088,7729,2015-01-04
B02764,1/4/2015,2862,20441,2015-01-04
B02512,1/5/2015,194,984,2015-01-05
B02682,1/5/2015,951,6012,2015-01-05
B02617,1/5/2015,1218,7899,2015-01-05
B02764,1/5/2015,3387,20926,2015-01-05
B02598,1/5/2015,907,5798,2015-01-05
B02765,1/5/2015,227,1133,2015-01-05
B02764,1/6/2015,3473,25301,2015-01-06
B02682,1/6/2015,1022,7491,2015-01-06
B02617,1/6/2015,1336,10128,2015-01-06
B02765,1/6/2015,234,1376,2015-01-06
B02512,1/6/2015,218,1314,2015-01-06
B02598,1/6/2015,933,6816,2015-01-06
B02617,1/7/2015,1363,11528,2015-01-07
B02682,1/7/2015,1039,9078,2015-01-07
B02764,1/7/2015,3603,29949,2015-01-07
B02765,1/7/2015,248,1704,2015-01-07
B02512,1/7/2015,217,1446,2015-01-07
B02598,1/7/2015,974,8397,2015-01-07
B02765,1/8/2015,262,1911,2015-01-08
B02598,1/8/2015,1070,10050,2015-01-08
B02512,1/8/2015,238,1772,2015-01-08
B02682,1/8/2015,1135,10416,2015-01-08
B02764,1/8/2015,3831,33802,2015-01-08
B02617,1/8/2015,1463,13462,2015-01-08
B02617,1/9/2015,1455,13165,2015-01-09
B02512,1/9/2015,224,1560,2015-01-09
B02764,1/9/2015,3820,33517,2015-01-09
B02682,1/9/2015,1140,10477,2015-01-09
B02598,1/9/2015,1070,9538,2015-01-09
B02765,1/9/2015,280,2039,2015-01-09
B02682,1/10/2015,1057,11629,2015-01-10
B02617,1/10/2015,1331,13856,2015-01-10
B02598,1/10/2015,949,10287,2015-01-10
B02512,1/10/2015,206,1646,2015-01-10
B02764,1/10/2015,3558,38864,2015-01-10
B02765,1/10/2015,245,2202,2015-01-10
B02765,1/11/2015,220,1672,2015-01-11
B02598,1/11/2015,832,7176,2015-01-11
B02682,1/11/2015,943,8461,2015-01-11
B02764,1/11/2015,3186,27681,2015-01-11
B02617,1/11/2015,1228,10932,2015-01-11
B02512,1/11/2015,162,1104,2015-01-11
B02764,1/12/2015,3499,26852,2015-01-12
B02765,1/12/2015,279,1711,2015-01-12
B02512,1/12/2015,217,1399,2015-01-12
B02598,1/12/2015,964,7915,2015-01-12
B02682,1/12/2015,1082,9107,2015-01-12
B02617,1/12/2015,1323,10662,2015-01-12
B02765,1/13/2015,258,1697,2015-01-13
B02598,1/13/2015,975,8713,2015-01-13
B02617,1/13/2015,1342,11825,2015-01-13
B02512,1/13/2015,234,1652,2015-01-13
B02764,1/13/2015,3658,29983,2015-01-13
B02682,1/13/2015,1092,9629,2015-01-13
B02764,1/14/2015,3736,29550,2015-01-14
B02765,1/14/2015,271,1600,2015-01-14
B02598,1/14/2015,1030,8870,2015-01-14
B02512,1/14/2015,233,1582,2015-01-14
B02617,1/14/2015,1405,11965,2015-01-14
B02682,1/14/2015,1174,9762,2015-01-14
B02512,1/15/2015,237,1636,2015-01-15
B02682,1/15/2015,1208,10391,2015-01-15
B02617,1/15/2015,1457,12539,2015-01-15
B02765,1/15/2015,270,1797,2015-01-15
B02764,1/15/2015,3840,31214,2015-01-15
B02598,1/15/2015,1068,9152,2015-01-15
B02617,1/16/2015,1445,12977,2015-01-16
B02765,1/16/2015,290,2082,2015-01-16
B02764,1/16/2015,3975,34822,2015-01-16
B02682,1/16/2015,1250,11280,2015-01-16
B02512,1/16/2015,234,1481,2015-01-16
B02598,1/16/2015,1079,9838,2015-01-16
B02598,1/17/2015,974,9546,2015-01-17
B02512,1/17/2015,201,1281,2015-01-17
B02682,1/17/2015,1137,11382,2015-01-17
B02765,1/17/2015,252,2160,2015-01-17
B02617,1/17/2015,1306,12676,2015-01-17
B02764,1/17/2015,3657,36318,2015-01-17
B02512,1/18/2015,177,1521,2015-01-18
B02598,1/18/2015,869,9443,2015-01-18
B02765,1/18/2015,248,2287,2015-01-18
B02764,1/18/2015,3290,35182,2015-01-18
B02682,1/18/2015,1056,11161,2015-01-18
B02617,1/18/2015,1223,12879,2015-01-18
B02682,1/19/2015,883,7028,2015-01-19
B02617,1/19/2015,992,7775,2015-01-19
B02765,1/19/2015,238,1568,2015-01-19
B02764,1/19/2015,2958,22750,2015-01-19
B02512,1/19/2015,168,1025,2015-01-19
B02598,1/19/2015,706,5609,2015-01-19
B02598,1/20/2015,944,7206,2015-01-20
B02682,1/20/2015,1151,8496,2015-01-20
B02512,1/20/2015,221,1310,2015-01-20
B02764,1/20/2015,3654,26137,2015-01-20
B02765,1/20/2015,272,1608,2015-01-20
B02617,1/20/2015,1350,10015,2015-01-20
B02764,1/21/2015,3718,27344,2015-01-21
B02512,1/21/2015,242,1519,2015-01-21
B02682,1/21/2015,1228,9472,2015-01-21
B02598,1/21/2015,1035,8041,2015-01-21
B02765,1/21/2015,296,1774,2015-01-21
B02617,1/21/2015,1429,10997,2015-01-21
B02617,1/22/2015,1471,12143,2015-01-22
B02764,1/22/2015,3889,30091,2015-01-22
B02512,1/22/2015,246,1551,2015-01-22
B02598,1/22/2015,1071,9080,2015-01-22
B02682,1/22/2015,1295,10699,2015-01-22
B02765,1/22/2015,295,2038,2015-01-22
B02598,1/23/2015,1093,9343,2015-01-23
B02512,1/23/2015,246,1670,2015-01-23
B02765,1/23/2015,299,2162,2015-01-23
B02764,1/23/2015,4040,33756,2015-01-23
B02617,1/23/2015,1482,13121,2015-01-23
B02682,1/23/2015,1330,11767,2015-01-23
B02598,1/24/2015,945,10040,2015-01-24
B02764,1/24/2015,3652,39187,2015-01-24
B02512,1/24/2015,211,1608,2015-01-24
B02617,1/24/2015,1367,14143,2015-01-24
B02682,1/24/2015,1223,13355,2015-01-24
B02765,1/24/2015,245,2376,2015-01-24
B02512,1/25/2015,183,1190,2015-01-25
B02764,1/25/2015,3300,28066,2015-01-25
B02765,1/25/2015,226,1755,2015-01-25
B02598,1/25/2015,829,7219,2015-01-25
B02682,1/25/2015,1046,9303,2015-01-25
B02617,1/25/2015,1203,10362,2015-01-25
B02617,1/26/2015,1150,7608,2015-01-26
B02598,1/26/2015,860,5919,2015-01-26
B02765,1/26/2015,230,1363,2015-01-26
B02764,1/26/2015,3012,19940,2015-01-26
B02682,1/26/2015,1084,7565,2015-01-26
B02512,1/26/2015,197,1000,2015-01-26
B02682,1/27/2015,600,4414,2015-01-27
B02765,1/27/2015,135,921,2015-01-27
B02617,1/27/2015,596,4325,2015-01-27
B02598,1/27/2015,434,2957,2015-01-27
B02512,1/27/2015,112,629,2015-01-27
B02764,1/27/2015,1619,11998,2015-01-27
B02764,1/28/2015,3692,28137,2015-01-28
B02682,1/28/2015,1235,10025,2015-01-28
B02765,1/28/2015,286,1913,2015-01-28
B02617,1/28/2015,1356,10862,2015-01-28
B02598,1/28/2015,1011,8071,2015-01-28
B02512,1/28/2015,235,1438,2015-01-28
B02617,1/29/2015,1474,12600,2015-01-29
B02764,1/29/2015,3959,31637,2015-01-29
B02682,1/29/2015,1316,11485,2015-01-29
B02765,1/29/2015,295,2086,2015-01-29
B02512,1/29/2015,250,1687,2015-01-29
B02598,1/29/2015,1082,9499,2015-01-29
B02512,1/30/2015,256,2016,2015-01-30
B02617,1/30/2015,1501,14793,2015-01-30
B02682,1/30/2015,1384,13852,2015-01-30
B02764,1/30/2015,4124,39110,2015-01-30
B02765,1/30/2015,322,2785,2015-01-30
B02598,1/30/2015,1106,11167,2015-01-30
B02765,1/31/2015,309,3282,2015-01-31
B02512,1/31/2015,225,1892,2015-01-31
B02617,1/31/2015,1394,15756,2015-01-31
B02682,1/31/2015,1321,15388,2015-01-31
B02764,1/31/2015,3947,44297,2015-01-31
B02598,1/31/2015,1027,11642,2015-01-31
B02598,2/1/2015,961,9499,2015-02-01
B02682,2/1/2015,1214,12436,2015-02-01
B02512,2/1/2015,193,1377,2015-02-01
B02765,2/1/2015,289,2672,2015-02-01
B02617,2/1/2015,1355,13458,2015-02-01
B02764,2/1/2015,3740,37468,2015-02-01
B02617,2/2/2015,1217,12216,2015-02-02
B02682,2/2/2015,1152,11981,2015-02-02
B02765,2/2/2015,275,2607,2015-02-02
B02598,2/2/2015,939,9511,2015-02-02
B02764,2/2/2015,3270,30761,2015-02-02
B02512,2/2/2015,227,1904,2015-02-02
B02765,2/3/2015,299,2410,2015-02-03
B02598,2/3/2015,991,9602,2015-02-03
B02512,2/3/2015,257,1915,2015-02-03
B02764,2/3/2015,3674,31641,2015-02-03
B02617,2/3/2015,1350,12665,2015-02-03
B02682,2/3/2015,1269,11955,2015-02-03
B02764,2/4/2015,3856,29994,2015-02-04
B02765,2/4/2015,309,2334,2015-02-04
B02512,2/4/2015,244,1639,2015-02-04
B02682,2/4/2015,1311,11309,2015-02-04
B02617,2/4/2015,1393,11959,2015-02-04
B02598,2/4/2015,1072,9600,2015-02-04
B02617,2/5/2015,1524,14499,2015-02-05
B02682,2/5/2015,1418,13782,2015-02-05
B02598,2/5/2015,1179,11609,2015-02-05
B02512,2/5/2015,264,2022,2015-02-05
B02765,2/5/2015,355,3011,2015-02-05
B02764,2/5/2015,4093,35990,2015-02-05
B02617,2/6/2015,1526,15417,2015-02-06
B02765,2/6/2015,385,3569,2015-02-06
B02598,2/6/2015,1181,11897,2015-02-06
B02512,2/6/2015,261,1989,2015-02-06
B02764,2/6/2015,4170,38693,2015-02-06
B02682,2/6/2015,1414,14375,2015-02-06
B02598,2/7/2015,1031,10512,2015-02-07
B02512,2/7/2015,211,1504,2015-02-07
B02617,2/7/2015,1383,13688,2015-02-07
B02682,2/7/2015,1300,13450,2015-02-07
B02764,2/7/2015,3849,38530,2015-02-07
B02765,2/7/2015,345,3473,2015-02-07
B02764,2/8/2015,3422,29692,2015-02-08
B02765,2/8/2015,313,2623,2015-02-08
B02598,2/8/2015,923,8129,2015-02-08
B02617,2/8/2015,1256,11004,2015-02-08
B02682,2/8/2015,1136,10356,2015-02-08
B02512,2/8/2015,176,1196,2015-02-08
B02617,2/9/2015,1312,10887,2015-02-09
B02682,2/9/2015,1241,10209,2015-02-09
B02598,2/9/2015,976,8135,2015-02-09
B02764,2/9/2015,3543,28266,2015-02-09
B02512,2/9/2015,228,1565,2015-02-09
B02765,2/9/2015,388,2894,2015-02-09
B02764,2/10/2015,3700,29124,2015-02-10
B02512,2/10/2015,233,1555,2015-02-10
B02617,2/10/2015,1364,11401,2015-02-10
B02765,2/10/2015,422,3432,2015-02-10
B02682,2/10/2015,1281,10536,2015-02-10
B02598,2/10/2015,1029,8718,2015-02-10
B02617,2/11/2015,1450,12749,2015-02-11
B02764,2/11/2015,3849,31889,2015-02-11
B02512,2/11/2015,255,1831,2015-02-11
B02598,2/11/2015,1115,10034,2015-02-11
B02765,2/11/2015,450,3778,2015-02-11
B02682,2/11/2015,1396,12189,2015-02-11
B02617,2/12/2015,1532,14263,2015-02-12
B02512,2/12/2015,269,2092,2015-02-12
B02682,2/12/2015,1468,13786,2015-02-12
B02765,2/12/2015,536,4609,2015-02-12
B02598,2/12/2015,1181,11640,2015-02-12
B02764,2/12/2015,4137,36844,2015-02-12
B02617,2/13/2015,1590,16996,2015-02-13
B02682,2/13/2015,1523,16088,2015-02-13
B02764,2/13/2015,4395,43561,2015-02-13
B02765,2/13/2015,599,5909,2015-02-13
B02512,2/13/2015,281,2408,2015-02-13
B02598,2/13/2015,1216,13062,2015-02-13
B02764,2/14/2015,4129,45858,2015-02-14
B02512,2/14/2015,236,2055,2015-02-14
B02598,2/14/2015,1111,12678,2015-02-14
B02765,2/14/2015,583,6307,2015-02-14
B02617,2/14/2015,1486,16999,2015-02-14
B02682,2/14/2015,1428,16448,2015-02-14
B02682,2/15/2015,1261,14517,2015-02-15
B02764,2/15/2015,3651,41209,2015-02-15
B02617,2/15/2015,1293,14662,2015-02-15
B02765,2/15/2015,521,5500,2015-02-15
B02512,2/15/2015,210,1996,2015-02-15
B02598,2/15/2015,1003,11517,2015-02-15
B02598,2/16/2015,934,9052,2015-02-16
B02512,2/16/2015,207,1576,2015-02-16
B02617,2/16/2015,1214,11824,2015-02-16
B02764,2/16/2015,3524,33448,2015-02-16
B02682,2/16/2015,1164,11323,2015-02-16
B02765,2/16/2015,508,4875,2015-02-16
B02764,2/17/2015,3826,32473,2015-02-17
B02512,2/17/2015,241,1797,2015-02-17
B02682,2/17/2015,1314,11887,2015-02-17
B02617,2/17/2015,1378,12524,2015-02-17
B02598,2/17/2015,1066,9463,2015-02-17
B02765,2/17/2015,578,4907,2015-02-17
B02598,2/18/2015,1078,9538,2015-02-18
B02682,2/18/2015,1314,11724,2015-02-18
B02617,2/18/2015,1394,12016,2015-02-18
B02765,2/18/2015,586,5059,2015-02-18
B02764,2/18/2015,3842,32317,2015-02-18
B02512,2/18/2015,228,1589,2015-02-18
B02598,2/19/2015,1127,11739,2015-02-19
B02512,2/19/2015,250,2120,2015-02-19
B02682,2/19/2015,1428,14591,2015-02-19
B02764,2/19/2015,4110,39110,2015-02-19
B02765,2/19/2015,663,6447,2015-02-19
B02617,2/19/2015,1452,14750,2015-02-19
B02764,2/20/2015,4384,44755,2015-02-20
B02617,2/20/2015,1574,16856,2015-02-20
B02598,2/20/2015,1186,12758,2015-02-20
B02682,2/20/2015,1497,16342,2015-02-20
B02765,2/20/2015,736,7824,2015-02-20
B02512,2/20/2015,272,2380,2015-02-20
B02598,2/21/2015,1044,12132,2015-02-21
B02682,2/21/2015,1374,16149,2015-02-21
B02765,2/21/2015,685,7658,2015-02-21
B02617,2/21/2015,1443,16098,2015-02-21
B02512,2/21/2015,238,2149,2015-02-21
B02764,2/21/2015,3981,44194,2015-02-21
B02512,2/22/2015,199,1312,2015-02-22
B02617,2/22/2015,1248,10696,2015-02-22
B02682,2/22/2015,1220,10970,2015-02-22
B02764,2/22/2015,3478,30157,2015-02-22
B02598,2/22/2015,909,8271,2015-02-22
B02765,2/22/2015,566,5034,2015-02-22
B02598,2/23/2015,966,8943,2015-02-23
B02617,2/23/2015,1332,11720,2015-02-23
B02764,2/23/2015,3734,31173,2015-02-23
B02682,2/23/2015,1262,11714,2015-02-23
B02765,2/23/2015,665,5823,2015-02-23
B02512,2/23/2015,238,1844,2015-02-23
B02764,2/24/2015,3965,34686,2015-02-24
B02512,2/24/2015,247,1869,2015-02-24
B02598,2/24/2015,1061,9954,2015-02-24
B02682,2/24/2015,1346,12497,2015-02-24
B02617,2/24/2015,1456,13719,2015-02-24
B02765,2/24/2015,698,6390,2015-02-24
B02512,2/25/2015,246,1647,2015-02-25
B02598,2/25/2015,1076,9405,2015-02-25
B02765,2/25/2015,706,6178,2015-02-25
B02682,2/25/2015,1395,12693,2015-02-25
B02617,2/25/2015,1473,12811,2015-02-25
B02764,2/25/2015,3934,31957,2015-02-25
B02598,2/26/2015,1134,10661,2015-02-26
B02617,2/26/2015,1539,14461,2015-02-26
B02682,2/26/2015,1465,13814,2015-02-26
B02512,2/26/2015,243,1797,2015-02-26
B02765,2/26/2015,745,6744,2015-02-26
B02764,2/26/2015,4101,36091,2015-02-26
B02765,2/27/2015,786,7563,2015-02-27
B02617,2/27/2015,1551,14677,2015-02-27
B02598,2/27/2015,1114,10755,2015-02-27
B02512,2/27/2015,272,2056,2015-02-27
B02764,2/27/2015,4253,38780,2015-02-27
B02682,2/27/2015,1510,14975,2015-02-27
B02598,2/28/2015,994,10319,2015-02-28
B02764,2/28/2015,3952,39812,2015-02-28
B02617,2/28/2015,1372,14022,2015-02-28
B02682,2/28/2015,1386,14472,2015-02-28
B02512,2/28/2015,230,1803,2015-02-28
B02765,2/28/2015,747,7753,2015-02-28
